category,filename,rel_path,extracted_lcs,parent
application,론지모듈 LC개설 Draft(2024.01.17).pdf,2024년 모듈발주/론지모듈/론지모듈 LC개설 Draft(2024.01.17).pdf,,론지모듈
application,론지모듈 LC개설신청서 5MW(2024.01.17).pdf,2024년 모듈발주/론지모듈/론지모듈 LC개설신청서 5MW(2024.01.17).pdf,,론지모듈
opening_swift,KNK에너지 CS7N-690TB-AG 1MW 개설 전신문(2024.04.17).pdf,2024년 모듈발주/KNK에너지(CIS)/1MW 발주서/KNK에너지 CS7N-690TB-AG 1MW 개설 전신문(2024.04.17).pdf,,1MW 발주서
opening_swift,KNK에너지 690TB  10MW LC개설 전신문(2024.02.15).pdf,2024년 모듈발주/KNK에너지(CIS)/30MW 진행/30MW 발주서/10MW 선적진행/KNK에너지 690TB  10MW LC개설 전신문(2024.02.15).pdf,,10MW 선적진행
application,KNK에너지 690TB  10MW LC개설신청서(Draft).pdf,2024년 모듈발주/KNK에너지(CIS)/30MW 진행/30MW 발주서/10MW 선적진행/KNK에너지 690TB  10MW LC개설신청서(Draft).pdf,,10MW 선적진행
application,KNK에너지 690TB  10MW LC개설신청서.pdf,2024년 모듈발주/KNK에너지(CIS)/30MW 진행/30MW 발주서/10MW 선적진행/KNK에너지 690TB  10MW LC개설신청서.pdf,,10MW 선적진행
opening_swift,KNK에너지  690WP 10MW L.C개설 전문.pdf,"2024년 모듈발주/KNK에너지(CIS)/30MW 진행/30MW 발주서/20MW 선적진행(10MW, 10MW)/1차 진행 10MW/KNK에너지  690WP 10MW L.C개설 전문.pdf",,1차 진행 10MW
opening_swift,KNK에너지 690WP 10MW 가전문.pdf,"2024년 모듈발주/KNK에너지(CIS)/30MW 진행/30MW 발주서/20MW 선적진행(10MW, 10MW)/1차 진행 10MW/KNK에너지 690WP 10MW 가전문.pdf",,1차 진행 10MW
opening_swift,KNK에너지 (CSI모듈) LC개설 전신문 2024.04.01.pdf,"2024년 모듈발주/KNK에너지(CIS)/30MW 진행/30MW 발주서/20MW 선적진행(10MW, 10MW)/2차 진행 10MW/KNK에너지 (CSI모듈) LC개설 전신문 2024.04.01.pdf",,2차 진행 10MW
opening_swift,LC개설 가전문(2024.04.01).pdf,"2024년 모듈발주/KNK에너지(CIS)/30MW 진행/30MW 발주서/20MW 선적진행(10MW, 10MW)/2차 진행 10MW/LC개설 가전문(2024.04.01).pdf",,2차 진행 10MW
application,LC개설신청서(2024.04.01).pdf,"2024년 모듈발주/KNK에너지(CIS)/30MW 진행/30MW 발주서/20MW 선적진행(10MW, 10MW)/2차 진행 10MW/LC개설신청서(2024.04.01).pdf",,2차 진행 10MW
opening_swift,05.30 탑솔라 가전문.pdf,2024년 모듈발주/론지모듈/론지모듈 10MW(6월물량) 2024.05.30/05.30 탑솔라 가전문.pdf,M0215405NU00331,론지모듈 10MW(6월물량) 2024.05.30
opening_swift,KDB_SWIFT발신_21992407_20240530153408(탑솔라 전문).pdf,2024년 모듈발주/론지모듈/론지모듈 10MW(6월물량) 2024.05.30/KDB_SWIFT발신_21992407_20240530153408(탑솔라 전문).pdf,M0215405NU00331,론지모듈 10MW(6월물량) 2024.05.30
opening_swift,가전문(론지모듈)2024.05.09.pdf,"2024년 모듈발주/론지모듈/론지모듈 580WP 10MW 선적  13464pcs, 3816pcs/가전문(론지모듈)2024.05.09.pdf",,"론지모듈 580WP 10MW 선적  13464pcs, 3816pcs"
opening_swift,론지모듈 580WP 10MW LC개설 전신문(2024.05.10).pdf,"2024년 모듈발주/론지모듈/론지모듈 580WP 10MW 선적  13464pcs, 3816pcs/론지모듈 580WP 10MW LC개설 전신문(2024.05.10).pdf",,"론지모듈 580WP 10MW 선적  13464pcs, 3816pcs"
application,론지모듈 580WP 10MW LC개설신청서(Draft) Rev 01..pdf,"2024년 모듈발주/론지모듈/론지모듈 580WP 10MW 선적  13464pcs, 3816pcs/론지모듈 580WP 10MW LC개설신청서(Draft) Rev 01..pdf",,"론지모듈 580WP 10MW 선적  13464pcs, 3816pcs"
application,론지모듈 580WP 10MW LC개설신청서(Draft).pdf,"2024년 모듈발주/론지모듈/론지모듈 580WP 10MW 선적  13464pcs, 3816pcs/론지모듈 580WP 10MW LC개설신청서(Draft).pdf",,"론지모듈 580WP 10MW 선적  13464pcs, 3816pcs"
application,론지모듈 10MW LC개설신청서.pdf,2024년 모듈발주/론지모듈/론지모듈 580Wp 17280장(10MW) 2024.08.13/론지모듈 10MW LC개설신청서.pdf,,론지모듈 580Wp 17280장(10MW) 2024.08.13
opening_swift,론지모듈 580WP 10MW LC개설 전신문(2024.08.13).pdf,2024년 모듈발주/론지모듈/론지모듈 580Wp 17280장(10MW) 2024.08.13/론지모듈 580WP 10MW LC개설 전신문(2024.08.13).pdf,,론지모듈 580Wp 17280장(10MW) 2024.08.13
opening_swift,론지모듈 580Wp 10MW 가전문.pdf,2024년 모듈발주/론지모듈/론지모듈 580Wp 17280장(10MW) 2024.08.13/론지모듈 580Wp 10MW 가전문.pdf,,론지모듈 580Wp 17280장(10MW) 2024.08.13
application,론지모듈 580WP 200pcs LC개설 신청 Draft(2024.10.15).pdf,2024년 모듈발주/론지모듈/론지모듈 580WP 200pcs 2024.10.15/론지모듈 580WP 200pcs LC개설 신청 Draft(2024.10.15).pdf,,론지모듈 580WP 200pcs 2024.10.15
opening_swift,론지모듈 580WP 200pcs LC개설 전문(2024.10.15).pdf,2024년 모듈발주/론지모듈/론지모듈 580WP 200pcs 2024.10.15/론지모듈 580WP 200pcs LC개설 전문(2024.10.15).pdf,,론지모듈 580WP 200pcs 2024.10.15
opening_swift,KDB_SWIFT발신_론지모듈 580WP 5MW 전신문.pdf,2024년 모듈발주/론지모듈/론지모듈 5MW(6월물량)2024.05.22/KDB_SWIFT발신_론지모듈 580WP 5MW 전신문.pdf,M0215405NU00228,론지모듈 5MW(6월물량)2024.05.22
other_lc,론지 모듈 610WP 396pcs LC 전문  (2024.09.24).pdf,2024년 모듈발주/론지모듈/론지모듈 610WP 396pcs 2024.09.24/론지 모듈 610WP 396pcs LC 전문  (2024.09.24).pdf,,론지모듈 610WP 396pcs 2024.09.24
application,론지모듈 610WP 396pcs LC개설 신청서(2024.09.24).pdf,2024년 모듈발주/론지모듈/론지모듈 610WP 396pcs 2024.09.24/론지모듈 610WP 396pcs LC개설 신청서(2024.09.24).pdf,,론지모듈 610WP 396pcs 2024.09.24
amendment,LC 조건변경신청서(론지 610WP 700KW) M12MK2408NU00064.pdf,2024년 모듈발주/론지모듈/론지모듈 610WP 700KW  1152pcs(2024.08.30)/LC 조건변경신청서(론지 610WP 700KW) M12MK2408NU00064.pdf,M12MK2408NU00064,론지모듈 610WP 700KW  1152pcs(2024.08.30)
opening_swift,론지 모듈 610WP  700KW  LC개설 가전문 (2024.08.30).pdf,2024년 모듈발주/론지모듈/론지모듈 610WP 700KW  1152pcs(2024.08.30)/론지 모듈 610WP  700KW  LC개설 가전문 (2024.08.30).pdf,,론지모듈 610WP 700KW  1152pcs(2024.08.30)
application,론지 모듈 610WP  700KW  LC개설 신청서 2024.08.30.pdf,2024년 모듈발주/론지모듈/론지모듈 610WP 700KW  1152pcs(2024.08.30)/론지 모듈 610WP  700KW  LC개설 신청서 2024.08.30.pdf,,론지모듈 610WP 700KW  1152pcs(2024.08.30)
opening_swift,론지 모듈 610WP  700KW  LC개설 전신문 (2024.08.30).pdf,2024년 모듈발주/론지모듈/론지모듈 610WP 700KW  1152pcs(2024.08.30)/론지 모듈 610WP  700KW  LC개설 전신문 (2024.08.30).pdf,,론지모듈 610WP 700KW  1152pcs(2024.08.30)
other_lc,론지모듈 615WP 4879pcs  LC 전문.pdf,2024년 모듈발주/론지모듈/론지모듈 615WP  4879pcs 3MW 2024.11.20/론지모듈 615WP 4879pcs  LC 전문.pdf,,론지모듈 615WP  4879pcs 3MW 2024.11.20
application,론지모듈 615WP(CFP) 3MW LC개설 Draft(2025.04.02).pdf,2024년 모듈발주/론지모듈/론지모듈 615WP 4877pcs 3MW 2025.04.02/론지모듈 615WP(CFP) 3MW LC개설 Draft(2025.04.02).pdf,,론지모듈 615WP 4877pcs 3MW 2025.04.02
application,론지모듈 615WP(CFP) 3MW LC개설 신청서(2025.04.02).pdf,2024년 모듈발주/론지모듈/론지모듈 615WP 4877pcs 3MW 2025.04.02/론지모듈 615WP(CFP) 3MW LC개설 신청서(2025.04.02).pdf,,론지모듈 615WP 4877pcs 3MW 2025.04.02
opening_swift,론지모듈 615WP(CFP) 3MW LC개설 전문(2025.04.02).pdf,2024년 모듈발주/론지모듈/론지모듈 615WP 4877pcs 3MW 2025.04.02/론지모듈 615WP(CFP) 3MW LC개설 전문(2025.04.02).pdf,,론지모듈 615WP 4877pcs 3MW 2025.04.02
opening_swift,KDB_SWIFT발신_(징코솔라 모듈 625N 10MW) 2014.03.25.pdf,2024년 모듈발주/징코모듈/100MW 중 625W 10MW 03.25 선적/KDB_SWIFT발신_(징코솔라 모듈 625N 10MW) 2014.03.25.pdf,M0215403NU00300,100MW 중 625W 10MW 03.25 선적
application,취소불능화환신용장개설신청서(2024.03.25징코).pdf,2024년 모듈발주/징코모듈/100MW 중 625W 10MW 03.25 선적/취소불능화환신용장개설신청서(2024.03.25징코).pdf,,100MW 중 625W 10MW 03.25 선적
opening_swift,탑솔라 가전문 0325(수정).pdf,2024년 모듈발주/징코모듈/100MW 중 625W 10MW 03.25 선적/탑솔라 가전문 0325(수정).pdf,M0215403NU00300,100MW 중 625W 10MW 03.25 선적
opening_swift,징코모듈 625WP 10MW  LC개설 전신문(2024.03.05).pdf,2024년 모듈발주/징코모듈/100MW 중 625W 10MW 선적/징코모듈 625WP 10MW  LC개설 전신문(2024.03.05).pdf,,100MW 중 625W 10MW 선적
opening_swift,징코모듈 625WP 10MW LC 가전문.pdf,2024년 모듈발주/징코모듈/100MW 중 625W 10MW 선적/징코모듈 625WP 10MW LC 가전문.pdf,,100MW 중 625W 10MW 선적
application,징코모듈 625WP 10MW LC개설신청서.pdf,2024년 모듈발주/징코모듈/100MW 중 625W 10MW 선적/징코모듈 625WP 10MW LC개설신청서.pdf,,100MW 중 625W 10MW 선적
opening_swift,탑솔라 가전문(2024.02.21).pdf,2024년 모듈발주/징코모듈/100MW 중 625W 5MW 선적/탑솔라 가전문(2024.02.21).pdf,M0215402NU00089,100MW 중 625W 5MW 선적
opening_swift,탑솔라 가전문(징코솔라)2024.02.20 취소.pdf,2024년 모듈발주/징코모듈/100MW 중 625W 5MW 선적/탑솔라 가전문(징코솔라)2024.02.20 취소.pdf,M0215402NU00071,100MW 중 625W 5MW 선적
opening_swift,탑솔라 주식회사 전문(KDB_SWIFT발신_21992407_20240221164115).pdf,2024년 모듈발주/징코모듈/100MW 중 625W 5MW 선적/탑솔라 주식회사 전문(KDB_SWIFT발신_21992407_20240221164115).pdf,M0215402NU00089,100MW 중 625W 5MW 선적
opening_swift,징코솔라 가전문(2024.05.14).pdf,2024년 모듈발주/징코모듈/100MW 중 630W 5MW 선적진행 2024.05.25/징코솔라 가전문(2024.05.14).pdf,,100MW 중 630W 5MW 선적진행 2024.05.25
application,취소불능 화환신용장 개설 신청서(징코솔라 2024.05.14).pdf,2024년 모듈발주/징코모듈/100MW 중 630W 5MW 선적진행 2024.05.25/취소불능 화환신용장 개설 신청서(징코솔라 2024.05.14).pdf,,100MW 중 630W 5MW 선적진행 2024.05.25
acceptance,KDB_수입선적서류인수통지증_21992407_20240412155125.pdf,2024년 모듈발주/징코모듈/100MW 중 625W 10MW 03.25 선적/Re_ [탑솔라(주)  기자재실] 10MW 선적서류(ETD2024.04.07)/KDB_수입선적서류인수통지증_21992407_20240412155125.pdf,M0215403NU00300,Re_ [탑솔라(주)  기자재실] 10MW 선적서류(ETD2024.04.07)
opening_swift,KDB_SWIFT발신_M0215407NU00395 (630WP 10MW).pdf,"2024년 모듈발주/징코모듈/발주서(200MW 3개사)/징코 200MW 진행의 건/디원 25MW/10MW 선적진행(630WP 15,879pcs)  7.25개설/KDB_SWIFT발신_M0215407NU00395 (630WP 10MW).pdf",M0215407NU00395,"10MW 선적진행(630WP 15,879pcs)  7.25개설"
opening_swift,디원 가전문.pdf,"2024년 모듈발주/징코모듈/발주서(200MW 3개사)/징코 200MW 진행의 건/디원 25MW/10MW 선적진행(630WP 15,879pcs)  7.25개설/디원 가전문.pdf",M0215407NU00370,"10MW 선적진행(630WP 15,879pcs)  7.25개설"
opening_swift,디원-징코모듈 630WP 5MW LC개설 전신문.pdf,2024년 모듈발주/징코모듈/발주서(200MW 3개사)/징코 200MW 진행의 건/디원 25MW/630WP 5MW 진행 7920pcs/디원-징코모듈 630WP 5MW LC개설 전신문.pdf,,630WP 5MW 진행 7920pcs
application,디원 LC개설 신청서(2024.10.17).pdf,2024년 모듈발주/징코모듈/발주서(200MW 3개사)/징코 200MW 진행의 건/디원 25MW/635WP 7740pcs(2024.10.17)/디원 LC개설 신청서(2024.10.17).pdf,,635WP 7740pcs(2024.10.17)
opening_swift,징코솔라-디원 635WP  7740pcs+100pcs LC개설 전문(2024.10.17).pdf,2024년 모듈발주/징코모듈/발주서(200MW 3개사)/징코 200MW 진행의 건/디원 25MW/635WP 7740pcs(2024.10.17)/징코솔라-디원 635WP  7740pcs+100pcs LC개설 전문(2024.10.17).pdf,,635WP 7740pcs(2024.10.17)
opening_swift,(주)디원 LC개설 전신문(징코모듈 635WP 7920pcs).pdf,2024년 모듈발주/징코모듈/발주서(200MW 3개사)/징코 200MW 진행의 건/디원 25MW/635WP 7920(5MW)09.19/(주)디원 LC개설 전신문(징코모듈 635WP 7920pcs).pdf,,635WP 7920(5MW)09.19
application,징코 모듈 630WP  25MW LC개설 Draft.pdf,2024년 모듈발주/징코모듈/발주서(200MW 3개사)/징코 200MW 진행의 건/탑솔라  125MW/징코모듈 630WP  25MW 선적  2024.09.13 개설/징코 모듈 630WP  25MW LC개설 Draft.pdf,,징코모듈 630WP  25MW 선적  2024.09.13 개설
opening_swift,징코모듈 630WP 25MW LC개설 전신문(2024.09.13).pdf,2024년 모듈발주/징코모듈/발주서(200MW 3개사)/징코 200MW 진행의 건/탑솔라  125MW/징코모듈 630WP  25MW 선적  2024.09.13 개설/징코모듈 630WP 25MW LC개설 전신문(2024.09.13).pdf,,징코모듈 630WP  25MW 선적  2024.09.13 개설
application,징코모듈 630WP 40MW LC개설 Draft(2024.09.26).pdf,2024년 모듈발주/징코모듈/발주서(200MW 3개사)/징코 200MW 진행의 건/탑솔라  125MW/징코모듈 630WP  40MW 선적 2024.09.27개설/징코모듈 630WP 40MW LC개설 Draft(2024.09.26).pdf,,징코모듈 630WP  40MW 선적 2024.09.27개설
application,징코모듈 630WP 40MW LC개설 신청서(2024.09.26).pdf,2024년 모듈발주/징코모듈/발주서(200MW 3개사)/징코 200MW 진행의 건/탑솔라  125MW/징코모듈 630WP  40MW 선적 2024.09.27개설/징코모듈 630WP 40MW LC개설 신청서(2024.09.26).pdf,,징코모듈 630WP  40MW 선적 2024.09.27개설
opening_swift,징코모듈 630WP 40MW LC개설 전문(2024.09.27).pdf,2024년 모듈발주/징코모듈/발주서(200MW 3개사)/징코 200MW 진행의 건/탑솔라  125MW/징코모듈 630WP  40MW 선적 2024.09.27개설/징코모듈 630WP 40MW LC개설 전문(2024.09.27).pdf,,징코모듈 630WP  40MW 선적 2024.09.27개설
opening_swift,KDB_SWIFT발신_21992407_20241015175511 (1).pdf,2024년 모듈발주/징코모듈/발주서(200MW 3개사)/징코 200MW 진행의 건/탑솔라  125MW/징코모듈 630WP 50MW 선적(2024.10.15개설)/KDB_SWIFT발신_21992407_20241015175511 (1).pdf,M0215410NU00281,징코모듈 630WP 50MW 선적(2024.10.15개설)
opening_swift,징코모듈  630WP 50MW 가전문(2024.10.15).pdf,2024년 모듈발주/징코모듈/발주서(200MW 3개사)/징코 200MW 진행의 건/탑솔라  125MW/징코모듈 630WP 50MW 선적(2024.10.15개설)/징코모듈  630WP 50MW 가전문(2024.10.15).pdf,M0215410NU00281,징코모듈 630WP 50MW 선적(2024.10.15개설)
application,징코모듈 30MW LC개설 Draft(2025.02.19).pdf,2024년 모듈발주/징코모듈/발주서(200MW 3개사)/징코 200MW 진행의 건/탑솔라  125MW/징코모듈 635WP  45MW 가운데 30MW(2025.02.19)/징코모듈 30MW LC개설 Draft(2025.02.19).pdf,,징코모듈 635WP  45MW 가운데 30MW(2025.02.19)
opening_swift,징코모듈 30MW LC개설 전문(2025.02.19).pdf,2024년 모듈발주/징코모듈/발주서(200MW 3개사)/징코 200MW 진행의 건/탑솔라  125MW/징코모듈 635WP  45MW 가운데 30MW(2025.02.19)/징코모듈 30MW LC개설 전문(2025.02.19).pdf,,징코모듈 635WP  45MW 가운데 30MW(2025.02.19)
application,징코모듈 30MW LC개설신청서(2025.02.19).pdf,2024년 모듈발주/징코모듈/발주서(200MW 3개사)/징코 200MW 진행의 건/탑솔라  125MW/징코모듈 635WP  45MW 가운데 30MW(2025.02.19)/징코모듈 30MW LC개설신청서(2025.02.19).pdf,,징코모듈 635WP  45MW 가운데 30MW(2025.02.19)
application,징코모듈 LC개설 Draft(635WP 15MW 2024.12.06).pdf,2024년 모듈발주/징코모듈/발주서(200MW 3개사)/징코 200MW 진행의 건/탑솔라  125MW/징코모듈 635WP 15MW 2024.12.06/징코모듈 LC개설 Draft(635WP 15MW 2024.12.06).pdf,,징코모듈 635WP 15MW 2024.12.06
application,징코모듈 LC개설 신청서(635WP 15MW 2024.12.05).pdf,2024년 모듈발주/징코모듈/발주서(200MW 3개사)/징코 200MW 진행의 건/탑솔라  125MW/징코모듈 635WP 15MW 2024.12.06/징코모듈 LC개설 신청서(635WP 15MW 2024.12.05).pdf,,징코모듈 635WP 15MW 2024.12.06
opening_swift,징코모듈 LC개설 전문(635WP 15MW 2024.12.06).pdf,2024년 모듈발주/징코모듈/발주서(200MW 3개사)/징코 200MW 진행의 건/탑솔라  125MW/징코모듈 635WP 15MW 2024.12.06/징코모듈 LC개설 전문(635WP 15MW 2024.12.06).pdf,,징코모듈 635WP 15MW 2024.12.06
application,"징코모듈 630WP 31,104pcs LC개설 신청서(2024.10.25).pdf","2024년 모듈발주/징코모듈/발주서(200MW 3개사)/징코 200MW 진행의 건/탑솔라  125MW/징코모듈 630WP 20.3MW (하나, 산업)2024.10.25 개설/하나은행 개설분 31104pcs/징코모듈 630WP 31,104pcs LC개설 신청서(2024.10.25).pdf",,하나은행 개설분 31104pcs
application,"징코모듈 630WP 31,104pcs LC개설 하나은행 Draft(2024.10.25).pdf","2024년 모듈발주/징코모듈/발주서(200MW 3개사)/징코 200MW 진행의 건/탑솔라  125MW/징코모듈 630WP 20.3MW (하나, 산업)2024.10.25 개설/하나은행 개설분 31104pcs/징코모듈 630WP 31,104pcs LC개설 하나은행 Draft(2024.10.25).pdf",,하나은행 개설분 31104pcs
other_lc,"징코모듈 630WP 31,104pcs LC개설 하나은행 전문(2024.10.25).pdf","2024년 모듈발주/징코모듈/발주서(200MW 3개사)/징코 200MW 진행의 건/탑솔라  125MW/징코모듈 630WP 20.3MW (하나, 산업)2024.10.25 개설/하나은행 개설분 31104pcs/징코모듈 630WP 31,104pcs LC개설 하나은행 전문(2024.10.25).pdf",,하나은행 개설분 31104pcs
opening_swift,탑솔라-트리나솔라에너지 LC개설 전문(하나은행 2025.11.28).pdf,2025년 모듈 발주/트리나/탑솔라-트리나솔라에너지 LC개설 전문(하나은행 2025.11.28).pdf,,트리나
opening_swift,탑솔라 LC가전문(KNK).pdf,2025년 모듈 발주/JA솔라 모듈/KNK/탑솔라 LC가전문(KNK).pdf,,KNK
opening_swift,"KNK에너지(JA솔라 모듈) 635WP, 640WP  LC개설 가전문.pdf","2025년 모듈 발주/JA솔라 모듈/KNK/70MW 발주/61MW 개설/KNK에너지(JA솔라 모듈) 635WP, 640WP  LC개설 가전문.pdf",,61MW 개설
opening_swift,"KNK에너지(JA솔라 모듈) 635WP, 640WP  LC개설 전문.pdf","2025년 모듈 발주/JA솔라 모듈/KNK/70MW 발주/61MW 개설/KNK에너지(JA솔라 모듈) 635WP, 640WP  LC개설 전문.pdf",,61MW 개설
application,"KNK에너지(JA솔라 모듈) 635WP, 640WP  LC개설신청서.pdf","2025년 모듈 발주/JA솔라 모듈/KNK/70MW 발주/61MW 개설/KNK에너지(JA솔라 모듈) 635WP, 640WP  LC개설신청서.pdf",,61MW 개설
opening_swift,라이젠-Topsolar 640WP 10MW 개설 가전문(2025.10.16).pdf,2025년 모듈 발주/라이젠/라이젠 40WM/640WP 10MW 진행/라이젠-Topsolar 640WP 10MW 개설 가전문(2025.10.16).pdf,,640WP 10MW 진행
opening_swift,라이젠-Topsolar 640WP 10MW 개설 전문(2025.10.16).pdf,2025년 모듈 발주/라이젠/라이젠 40WM/640WP 10MW 진행/라이젠-Topsolar 640WP 10MW 개설 전문(2025.10.16).pdf,,640WP 10MW 진행
opening_swift,KDB_SWIFT발신_21994769_20250922152619.pdf,2025년 모듈 발주/론지솔라/디원/2차 개설 진행 37.2MW선적서류/KDB_SWIFT발신_21994769_20250922152619.pdf,M0215509NU00317,2차 개설 진행 37.2MW선적서류
opening_swift,디원_가전문(2025.09.22).pdf,2025년 모듈 발주/론지솔라/디원/2차 개설 진행 37.2MW선적서류/디원_가전문(2025.09.22).pdf,M0215509NU00317,2차 개설 진행 37.2MW선적서류
application,취소불능화환신용장개설신청서(디원) 37.2MW.pdf,2025년 모듈 발주/론지솔라/디원/2차 개설 진행 37.2MW선적서류/취소불능화환신용장개설신청서(디원) 37.2MW.pdf,,2차 개설 진행 37.2MW선적서류
other_lc,기업은행 (디원-론지솔라모듈) LC전문(2025.12.16).pdf,2025년 모듈 발주/론지솔라/디원/백컨텍모듈/기업은행 (디원-론지솔라모듈) LC전문(2025.12.16).pdf,,백컨텍모듈
other_lc,디원-론지솔라 LC 전문(2025.12.02).pdf,2025년 모듈 발주/론지솔라/디원/백컨텍모듈/디원-론지솔라 LC 전문(2025.12.02).pdf,,백컨텍모듈
application,디원-론지솔라 LC개설신청서(기업은행 2025.12.01).pdf,2025년 모듈 발주/론지솔라/디원/백컨텍모듈/디원-론지솔라 LC개설신청서(기업은행 2025.12.01).pdf,,백컨텍모듈
application,디원-론지솔라 모듈 LC개설 신청서.pdf,2025년 모듈 발주/론지솔라/디원/백컨텍모듈/디원-론지솔라 모듈 LC개설 신청서.pdf,,백컨텍모듈
amendment,탑솔라조건변경관련수수료.pdf,2025년 모듈 발주/론지솔라/디원/1차 개설 진행 33.7MW 선적서류/1차선적/탑솔라조건변경관련수수료.pdf,,1차선적
application,탑솔라-론지솔라 615MW  LC 개설 Draft(국민은행).pdf,2025년 모듈 발주/론지솔라/디원/석문호 론지 모듈 계약 재진행 2026년/LC전문/탑솔라-론지솔라 615MW  LC 개설 Draft(국민은행).pdf,,LC전문
opening_swift,탑솔라-론지솔라 615WP LC개설 전문(국민은행 2026.03.12).pdf,2025년 모듈 발주/론지솔라/디원/석문호 론지 모듈 계약 재진행 2026년/LC전문/탑솔라-론지솔라 615WP LC개설 전문(국민은행 2026.03.12).pdf,,LC전문
application,론지 모듈 BC 5MW LC개설신청서(2025.08.19).pdf,"2025년 모듈 발주/론지솔라/탑솔라/론지모듈 640, 645,620/론지 모듈 BC 5MW LC개설신청서(2025.08.19).pdf",,"론지모듈 640, 645,620"
opening_swift,론지모듈 (645WP 1.9MW  650WP 3.1MW) LC개설 전문 2025.08.19.pdf,"2025년 모듈 발주/론지솔라/탑솔라/론지모듈 640, 645,620/론지모듈 (645WP 1.9MW  650WP 3.1MW) LC개설 전문 2025.08.19.pdf",,"론지모듈 640, 645,620"
opening_swift,론지모듈 (645WP 650WP) LC개설 가전문 2025.08.19- 수정.pdf,"2025년 모듈 발주/론지솔라/탑솔라/론지모듈 640, 645,620/론지모듈 (645WP 650WP) LC개설 가전문 2025.08.19- 수정.pdf",,"론지모듈 640, 645,620"
opening_swift,론지모듈 (645WP 650WP) LC개설 가전문 2025.08.19.pdf,"2025년 모듈 발주/론지솔라/탑솔라/론지모듈 640, 645,620/론지모듈 (645WP 650WP) LC개설 가전문 2025.08.19.pdf",,"론지모듈 640, 645,620"
opening_swift,"론지모듈 640WP, 645WP, 620WP 개설 가전문(2025.07.22).pdf","2025년 모듈 발주/론지솔라/탑솔라/론지모듈 640, 645,620/론지모듈 640WP, 645WP, 620WP 개설 가전문(2025.07.22).pdf",,"론지모듈 640, 645,620"
opening_swift,"론지모듈 640WP, 645WP, 620WP 개설 전문(2025.07.22).pdf","2025년 모듈 발주/론지솔라/탑솔라/론지모듈 640, 645,620/론지모듈 640WP, 645WP, 620WP 개설 전문(2025.07.22).pdf",,"론지모듈 640, 645,620"
opening_swift,디원- 징코모듈 개설 전문(산업은행 2025.08.29)-18MW.pdf,2025년 모듈 발주/징코모듈/디원/디원- 징코모듈 개설 전문(산업은행 2025.08.29)-18MW.pdf,,디원
opening_swift,화신이엔지-징코솔라 LC 가전문(2025.12.04).pdf,2025년 모듈 발주/징코모듈/화신이엔지/화신이엔지-징코솔라 LC 가전문(2025.12.04).pdf,,화신이엔지
opening_swift,디원- 징코모듈 개설 전문(산업은행 2025.08.29).pdf,2025년 모듈 발주/징코모듈/9월 징코모듈 선적서류/새 폴더/디원- 징코모듈 개설 전문(산업은행 2025.08.29).pdf,,새 폴더
opening_swift,징코모둘 -하나은행 LC개설 가전문(2025.08.29).pdf,2025년 모듈 발주/징코모듈/9월 징코모듈 선적서류/새 폴더/징코모둘 -하나은행 LC개설 가전문(2025.08.29).pdf,,새 폴더
other_lc,디원(징코모듈 15M LC개설) 전문 2025.06.23.pdf,2025년 모듈 발주/징코모듈/디원/1차 15MW  기업은행 2025.06.23/디원(징코모듈 15M LC개설) 전문 2025.06.23.pdf,,1차 15MW  기업은행 2025.06.23
application,디원(징코솔라모듈 15MW LC개설 신청서).pdf,2025년 모듈 발주/징코모듈/디원/1차 15MW  기업은행 2025.06.23/디원(징코솔라모듈 15MW LC개설 신청서).pdf,,1차 15MW  기업은행 2025.06.23
opening_swift,디원 LC개설 가전문.pdf,2025년 모듈 발주/징코모듈/디원/2차 13.2MW 기업은행 2025.07.21/디원 LC개설 가전문.pdf,,2차 13.2MW 기업은행 2025.07.21
opening_swift,디원 LC개설 전문 - 기업은행(2025.07.22).pdf,2025년 모듈 발주/징코모듈/디원/2차 13.2MW 기업은행 2025.07.21/디원 LC개설 전문 - 기업은행(2025.07.22).pdf,,2차 13.2MW 기업은행 2025.07.21
opening_swift,징코모듈 20MW 개설 전문(2025.03.14).pdf,2025년 모듈 발주/징코모듈/탑솔라/170MW 계약 진행건 - 완료/170MW - 1차 개설 20MW(2025.03.14)/징코모듈 20MW 개설 전문(2025.03.14).pdf,,170MW - 1차 개설 20MW(2025.03.14)
opening_swift,탑솔라 신한은행 LC 가전문(2025.06.19).pdf,2025년 모듈 발주/징코모듈/탑솔라/170MW 계약 진행건 - 완료/170MW - 5차 개설 63MW/30MW 2025.06.20  신한은행/탑솔라 신한은행 LC 가전문(2025.06.19).pdf,,30MW 2025.06.20  신한은행
other_lc,탑솔라 신한은행 LC 전문(2025.06.20).pdf,2025년 모듈 발주/징코모듈/탑솔라/170MW 계약 진행건 - 완료/170MW - 5차 개설 63MW/30MW 2025.06.20  신한은행/탑솔라 신한은행 LC 전문(2025.06.20).pdf,,30MW 2025.06.20  신한은행
application,징코 LC개설신청서 20MW Draft.pdf,2025년 모듈 발주/징코모듈/탑솔라/400MW 계약서 - 350MW 변경/2차 20MW 개설 2025.10.31/징코 LC개설신청서 20MW Draft.pdf,,2차 20MW 개설 2025.10.31
application,징코 LC개설신청서 20MW 전문 2025.10.31.pdf,2025년 모듈 발주/징코모듈/탑솔라/400MW 계약서 - 350MW 변경/2차 20MW 개설 2025.10.31/징코 LC개설신청서 20MW 전문 2025.10.31.pdf,,2차 20MW 개설 2025.10.31
application,징코 LC개설신청서 20MW.pdf,2025년 모듈 발주/징코모듈/탑솔라/400MW 계약서 - 350MW 변경/2차 20MW 개설 2025.10.31/징코 LC개설신청서 20MW.pdf,,2차 20MW 개설 2025.10.31
opening_swift,탑솔라-징코솔라 LC 개설 가전문(국민은행 2025.11.27).pdf,"2025년 모듈 발주/징코모듈/탑솔라/400MW 계약서 - 350MW 변경/3차 52MW 개설 2025.11.27(국민,산업)/탑솔라-징코솔라 LC 개설 가전문(국민은행 2025.11.27).pdf",,"3차 52MW 개설 2025.11.27(국민,산업)"
other_lc,탑솔라-징코솔라 LC 개설 발송전문(국민은행 2025.11.27).pdf,"2025년 모듈 발주/징코모듈/탑솔라/400MW 계약서 - 350MW 변경/3차 52MW 개설 2025.11.27(국민,산업)/탑솔라-징코솔라 LC 개설 발송전문(국민은행 2025.11.27).pdf",,"3차 52MW 개설 2025.11.27(국민,산업)"
application,징코 LC개설신청서 20MW 전문 2025.10.31.pdf,2025년 모듈 발주/징코모듈/탑솔라/400MW 계약서 - 350MW 변경/탑솔라-징코 20MW 2025.11.18/징코 LC개설신청서 20MW 전문 2025.10.31.pdf,,탑솔라-징코 20MW 2025.11.18
opening_swift,화신이엔지-징코솔라  LC개설 전문 수정본(2025.12.05).pdf,2025년 모듈 발주/징코모듈/화신이엔지/2차 개설 26.5MW 국민은행(2025.12.05)/화신이엔지-징코솔라  LC개설 전문 수정본(2025.12.05).pdf,,2차 개설 26.5MW 국민은행(2025.12.05)
opening_swift,트리나모듈 개설 가전문 - Topsolar 2025.08.21 - 수정본.pdf,2025년 모듈 발주/트리나/1차 PI 50MW/트리나모듈 개설 가전문 - Topsolar 2025.08.21 - 수정본.pdf,,1차 PI 50MW
opening_swift,트리나모듈 개설 전문 - Topsolar 2025.08.21.pdf,2025년 모듈 발주/트리나/1차 PI 50MW/트리나모듈 개설 전문 - Topsolar 2025.08.21.pdf,,1차 PI 50MW
opening_swift,탑솔라-트리나솔라에너지 LC개설 가전문(하나은행 2025.11.28).pdf,2025년 모듈 발주/트리나/1차 PI 50MW/30MW - 국민은행개설/탑솔라-트리나솔라에너지 LC개설 가전문(하나은행 2025.11.28).pdf,,30MW - 국민은행개설
application,탑솔라-트리나솔라에너지 LC개설 신청서(하나은행 2025.11.28).pdf,2025년 모듈 발주/트리나/1차 PI 50MW/30MW - 국민은행개설/탑솔라-트리나솔라에너지 LC개설 신청서(하나은행 2025.11.28).pdf,,30MW - 국민은행개설
opening_swift,탑솔라-트리나솔라에너지 LC개설 전문(하나은행 2025.11.28).pdf,2025년 모듈 발주/트리나/1차 PI 50MW/30MW - 국민은행개설/탑솔라-트리나솔라에너지 LC개설 전문(하나은행 2025.11.28).pdf,,30MW - 국민은행개설
opening_swift,트리나모듈 710WP 30MW 개설 가전문(2025.09.18)-수정.pdf,2025년 모듈 발주/트리나/1차 PI 50MW/30MW - 국민은행개설/트리나모듈 710WP 30MW 개설 가전문(2025.09.18)-수정.pdf,,30MW - 국민은행개설
opening_swift,트리나모듈 710WP 30MW 개설 전문(2025.09.18).pdf,2025년 모듈 발주/트리나/1차 PI 50MW/30MW - 국민은행개설/트리나모듈 710WP 30MW 개설 전문(2025.09.18).pdf,,30MW - 국민은행개설
amendment,트리나모듈 조건변경 전문(2025.11.05).pdf,2025년 모듈 발주/트리나/1차 PI 50MW/30MW - 국민은행개설/트리나모듈 조건변경 전문(2025.11.05).pdf,,30MW - 국민은행개설
amendment,트리나모듈 조건변경신청 전문(2025.11.07).pdf,2025년 모듈 발주/트리나/1차 PI 50MW/30MW - 국민은행개설/트리나모듈 조건변경신청 전문(2025.11.07).pdf,,30MW - 국민은행개설
amendment,트리나모듈 조건변경신청서(2025.11.07).pdf,2025년 모듈 발주/트리나/1차 PI 50MW/30MW - 국민은행개설/트리나모듈 조건변경신청서(2025.11.07).pdf,,30MW - 국민은행개설
application,하나은행 탑솔라-라이젠 LC개설 Draft(2026.05.12).pdf,2026년 모듈 발주/라이젠에너지/라이젠 30MW 진행건/라이젠 635WP 15MW 2026.05.12개설/하나은행 탑솔라-라이젠 LC개설 Draft(2026.05.12).pdf,,라이젠 635WP 15MW 2026.05.12개설
other_lc,탑솔라-론지솔라 BC 모듈 LC전문 (국민은행 2026.02.19).pdf,2026년 모듈 발주/론지솔라/탑솔라/BC모듈 30MW/탑솔라-론지솔라 BC 모듈 LC전문 (국민은행 2026.02.19).pdf,,BC모듈 30MW
other_lc,탑솔라-론지솔라 BC 모듈 LC전문 (하나은행 2026.02.19).pdf,2026년 모듈 발주/론지솔라/탑솔라/BC모듈 30MW/탑솔라-론지솔라 BC 모듈 LC전문 (하나은행 2026.02.19).pdf,,BC모듈 30MW
opening_swift,탑솔라-론지솔라 경량모듈 LC개설 전문(국민은행 2026.02.20).pdf,2026년 모듈 발주/론지솔라/탑솔라/경량모듈 20MW/탑솔라-론지솔라 경량모듈 LC개설 전문(국민은행 2026.02.20).pdf,,경량모듈 20MW
opening_swift,탑솔라-론지솔라 경량모듈 LC개설 전문(신한은행 2026.02.20).pdf,2026년 모듈 발주/론지솔라/탑솔라/경량모듈 20MW/탑솔라-론지솔라 경량모듈 LC개설 전문(신한은행 2026.02.20).pdf,,경량모듈 20MW
application,"징코모듈 635WP 48,068pcs+3492pcs(30.5MW) 2026.01.30 LC개설신청서.pdf","2026년 모듈 발주/징코솔라/하나은행 635 BDV-S 48068pcs+3492pcs  2026.01.30/징코모듈 635WP 48,068pcs+3492pcs(30.5MW) 2026.01.30 LC개설신청서.pdf",,하나은행 635 BDV-S 48068pcs+3492pcs  2026.01.30
opening_swift,탑솔라_700_가전문(하나은행).pdf,2026년 모듈 발주/징코솔라/하나은행 635 BDV-S 48068pcs+3492pcs  2026.01.30/탑솔라_700_가전문(하나은행).pdf,,하나은행 635 BDV-S 48068pcs+3492pcs  2026.01.30
opening_swift,취소불능화환신용장 개설 가전문(하나은행 2025.02.02).pdf,2026년 모듈 발주/징코솔라/하나은행 635 BDV-S1 71543pcs/취소불능화환신용장 개설 가전문(하나은행 2025.02.02).pdf,,하나은행 635 BDV-S1 71543pcs
opening_swift,취소불능화환신용장 개설 전문(하나은행 2025.02.02).pdf,2026년 모듈 발주/징코솔라/하나은행 635 BDV-S1 71543pcs/취소불능화환신용장 개설 전문(하나은행 2025.02.02).pdf,,하나은행 635 BDV-S1 71543pcs
application,취소불능화환신용장 개설신청서(하나은행 2025.02.02).pdf,2026년 모듈 발주/징코솔라/하나은행 635 BDV-S1 71543pcs/취소불능화환신용장 개설신청서(하나은행 2025.02.02).pdf,,하나은행 635 BDV-S1 71543pcs
other_lc,광주은행 인터넷 수입신용장 신청 전문.pdf,2026년 모듈 발주/트리나솔라/720WP 30MW/광주은행 인터넷 수입신용장 신청 전문.pdf,,720WP 30MW
other_lc,라이젠 635W 90MW LC 개설 일정_260420.xlsx,2026년 모듈 발주/라이젠에너지/라이젠 635W 90MW LC 개설 일정_260420.xlsx,,라이젠에너지
