file_type,classification,page_count,total_chars,avg_chars_per_page,filename,rel_path
CI,DIGITAL,2,1188,594.0,1. 8000016155-Z20241014208-CI.pdf,2024년 모듈발주\징코모듈\발주서(200MW 3개사)\징코 200MW 진행의 건\탑솔라  125MW\징코모듈 630WP  40MW 선적 2024.09.27개설\1차선적 5580pcs(3.5MW) 10.25선적\1. 8000016155-Z20241014208-CI.pdf
PL,DIGITAL,1,605,605.0,2. 8000016155-Z20241014208-PL.pdf,2024년 모듈발주\징코모듈\발주서(200MW 3개사)\징코 200MW 진행의 건\탑솔라  125MW\징코모듈 630WP  40MW 선적 2024.09.27개설\1차선적 5580pcs(3.5MW) 10.25선적\2. 8000016155-Z20241014208-PL.pdf
CI,DIGITAL,1,1341,1341.0,1.8000012868-CUSTOMS-Z20241012070-2-CI.pdf,2024년 모듈발주\징코모듈\발주서(200MW 3개사)\징코 200MW 진행의 건\탑솔라  125MW\징코모듈 630WP  40MW 선적 2024.09.27개설\2차 징코 630WP 9216pcs\1.8000012868-CUSTOMS-Z20241012070-2-CI.pdf
PL,DIGITAL,1,751,751.0,2.8000012868-CUSTOMS-Z20241012070-2-PL(update).pdf,2024년 모듈발주\징코모듈\발주서(200MW 3개사)\징코 200MW 진행의 건\탑솔라  125MW\징코모듈 630WP  40MW 선적 2024.09.27개설\2차 징코 630WP 9216pcs\2.8000012868-CUSTOMS-Z20241012070-2-PL(update).pdf
CI,DIGITAL,1,1372,1372.0,1.8000012866-Z20241012068-2-CI.pdf,2024년 모듈발주\징코모듈\발주서(200MW 3개사)\징코 200MW 진행의 건\탑솔라  125MW\징코모듈 630WP  40MW 선적 2024.09.27개설\3차징코 630WP 12672pcs\1.8000012866-Z20241012068-2-CI.pdf
PL,DIGITAL,1,755,755.0,2.8000012866-Z20241012068-2-PL.pdf,2024년 모듈발주\징코모듈\발주서(200MW 3개사)\징코 200MW 진행의 건\탑솔라  125MW\징코모듈 630WP  40MW 선적 2024.09.27개설\3차징코 630WP 12672pcs\2.8000012866-Z20241012068-2-PL.pdf
CI,DIGITAL,1,1491,1491.0,CI-Z20240910262.PDF,2024년 모듈발주\징코모듈\발주서(200MW 3개사)\징코 200MW 진행의 건\디원 25MW\630WP 5MW 진행 7920pcs\CI-Z20240910262.PDF
PL,DIGITAL,1,625,625.0,PL-Z20240910262(1).PDF,2024년 모듈발주\징코모듈\발주서(200MW 3개사)\징코 200MW 진행의 건\디원 25MW\630WP 5MW 진행 7920pcs\PL-Z20240910262(1).PDF
CI,DIGITAL,1,1083,1083.0,2 CI_Z20240923125-1 2000166667.pdf,2024년 모듈발주\징코모듈\발주서(200MW 3개사)\징코 200MW 진행의 건\디원 25MW\635WP 7920(5MW)09.19\디원 - 징코 635WP 5MW\2 CI_Z20240923125-1 2000166667.pdf
OBL,SCAN,1,0,0.0,1 OBL EASEK2439NB232_BL.pdf,2024년 모듈발주\징코모듈\발주서(200MW 3개사)\징코 200MW 진행의 건\디원 25MW\635WP 7920(5MW)09.19\디원 - 징코 635WP 5MW\1 OBL EASEK2439NB232_BL.pdf
PL,DIGITAL,1,608,608.0,3 PL_Z20240923125-1 2000166667.pdf,2024년 모듈발주\징코모듈\발주서(200MW 3개사)\징코 200MW 진행의 건\디원 25MW\635WP 7920(5MW)09.19\디원 - 징코 635WP 5MW\3 PL_Z20240923125-1 2000166667.pdf
CI,DIGITAL,1,1201,1201.0,1.CI_Z20240914116-1 2000164818.pdf,2024년 모듈발주\징코모듈\발주서(200MW 3개사)\징코 200MW 진행의 건\탑솔라  125MW\징코모듈 630WP  25MW 선적  2024.09.13 개설\부산 9.8MW\1.CI_Z20240914116-1 2000164818.pdf
CI,DIGITAL,1,1201,1201.0,1.CI_Z20240914116-1 2000164818.pdf,2024년 모듈발주\징코모듈\발주서(200MW 3개사)\징코 200MW 진행의 건\탑솔라  125MW\탑솔라 징코 25MW  2024.07. 분할개설\부산 9.8MW\1.CI_Z20240914116-1 2000164818.pdf
PL,DIGITAL,1,611,611.0,2.PL_Z20240914116-1 2000164818.pdf,2024년 모듈발주\징코모듈\발주서(200MW 3개사)\징코 200MW 진행의 건\탑솔라  125MW\징코모듈 630WP  25MW 선적  2024.09.13 개설\부산 9.8MW\2.PL_Z20240914116-1 2000164818.pdf
PL,DIGITAL,1,611,611.0,2.PL_Z20240914116-1 2000164818.pdf,2024년 모듈발주\징코모듈\발주서(200MW 3개사)\징코 200MW 진행의 건\탑솔라  125MW\탑솔라 징코 25MW  2024.07. 분할개설\부산 9.8MW\2.PL_Z20240914116-1 2000164818.pdf
CI,DIGITAL,1,1357,1357.0,CI 635W 11520pcs SNKO03K250201369.pdf,2024년 모듈발주\징코모듈\발주서(200MW 3개사)\징코 200MW 진행의 건\탑솔라  125MW\징코모듈 635WP  45MW 가운데 15MW 개설 23616pcs( 하나2025.02.10)\CI 635W 11520pcs SNKO03K250201369.pdf
CI,DIGITAL,1,1361,1361.0,CI 635W 12096pcs SNKO03K250200547.pdf,2024년 모듈발주\징코모듈\발주서(200MW 3개사)\징코 200MW 진행의 건\탑솔라  125MW\징코모듈 635WP  45MW 가운데 15MW 개설 23616pcs( 하나2025.02.10)\CI 635W 12096pcs SNKO03K250200547.pdf
OBL,SCAN,2,0,0.0,OBL 635W 11520pcs SNKO03K250200546.pdf,2024년 모듈발주\징코모듈\발주서(200MW 3개사)\징코 200MW 진행의 건\탑솔라  125MW\징코모듈 635WP  45MW 가운데 15MW 개설 23616pcs( 하나2025.02.10)\OBL 635W 11520pcs SNKO03K250200546.pdf
OBL,SCAN,2,0,0.0,OBL 635W 12096pcs SNKO03K250200547.pdf,2024년 모듈발주\징코모듈\발주서(200MW 3개사)\징코 200MW 진행의 건\탑솔라  125MW\징코모듈 635WP  45MW 가운데 15MW 개설 23616pcs( 하나2025.02.10)\OBL 635W 12096pcs SNKO03K250200547.pdf
PL,DIGITAL,1,643,643.0,PL 635W 11520pcs SNKO03K250201369.pdf,2024년 모듈발주\징코모듈\발주서(200MW 3개사)\징코 200MW 진행의 건\탑솔라  125MW\징코모듈 635WP  45MW 가운데 15MW 개설 23616pcs( 하나2025.02.10)\PL 635W 11520pcs SNKO03K250201369.pdf
PL,DIGITAL,1,647,647.0,PL 635W 12096pcs SNKO03K250200547.pdf,2024년 모듈발주\징코모듈\발주서(200MW 3개사)\징코 200MW 진행의 건\탑솔라  125MW\징코모듈 635WP  45MW 가운데 15MW 개설 23616pcs( 하나2025.02.10)\PL 635W 12096pcs SNKO03K250200547.pdf
BL,SCAN,2,0,0.0,SNKO03K250201370_BL COPY.pdf,2024년 모듈발주\징코모듈\발주서(200MW 3개사)\징코 200MW 진행의 건\탑솔라  125MW\징코모듈 635WP  45MW 가운데 30MW(2025.02.19)\징코선적 15MW 3.13출항\SNKO03K250201370_BL COPY.pdf
BL,DIGITAL,2,2343,1171.5,SNKO03K250201370_BL DRAFT.pdf,2024년 모듈발주\징코모듈\발주서(200MW 3개사)\징코 200MW 진행의 건\탑솔라  125MW\징코모듈 635WP  45MW 가운데 30MW(2025.02.19)\징코선적 15MW 3.13출항\SNKO03K250201370_BL DRAFT.pdf
BL,SCAN,2,0,0.0,SNKO03K250201371_BL COPY.pdf,2024년 모듈발주\징코모듈\발주서(200MW 3개사)\징코 200MW 진행의 건\탑솔라  125MW\징코모듈 635WP  45MW 가운데 30MW(2025.02.19)\징코선적 15MW 3.13출항\SNKO03K250201371_BL COPY.pdf
BL,DIGITAL,2,2416,1208.0,SNKO03K250201371_BL DRAFT.pdf,2024년 모듈발주\징코모듈\발주서(200MW 3개사)\징코 200MW 진행의 건\탑솔라  125MW\징코모듈 635WP  45MW 가운데 30MW(2025.02.19)\징코선적 15MW 3.13출항\SNKO03K250201371_BL DRAFT.pdf
CI,DIGITAL,1,1372,1372.0,CI 8000121182 SNKO03K250201370.pdf,2024년 모듈발주\징코모듈\발주서(200MW 3개사)\징코 200MW 진행의 건\탑솔라  125MW\징코모듈 635WP  45MW 가운데 30MW(2025.02.19)\징코선적 15MW 3.13출항\CI 8000121182 SNKO03K250201370.pdf
CI,DIGITAL,1,1375,1375.0,CI 8000121183 SNKO03K250201371.pdf,2024년 모듈발주\징코모듈\발주서(200MW 3개사)\징코 200MW 진행의 건\탑솔라  125MW\징코모듈 635WP  45MW 가운데 30MW(2025.02.19)\징코선적 15MW 3.13출항\CI 8000121183 SNKO03K250201371.pdf
PL,DIGITAL,1,643,643.0,PL 8000121182 SNKO03K250201370.pdf,2024년 모듈발주\징코모듈\발주서(200MW 3개사)\징코 200MW 진행의 건\탑솔라  125MW\징코모듈 635WP  45MW 가운데 30MW(2025.02.19)\징코선적 15MW 3.13출항\PL 8000121182 SNKO03K250201370.pdf
PL,DIGITAL,1,643,643.0,PL 8000121183 SNKO03K250201371.pdf,2024년 모듈발주\징코모듈\발주서(200MW 3개사)\징코 200MW 진행의 건\탑솔라  125MW\징코모듈 635WP  45MW 가운데 30MW(2025.02.19)\징코선적 15MW 3.13출항\PL 8000121183 SNKO03K250201371.pdf
BL,SCAN,1,0,0.0,1 BL copy JWSH24040006 JWL2021-ORG.pdf,2024년 모듈발주\징코모듈\100MW 중 625W 10MW 03.25 선적\Re_ [탑솔라(주)  기자재실] 10MW 선적서류(ETD2024.04.07)\1 BL copy JWSH24040006 JWL2021-ORG.pdf
OBL,SCAN,2,0,0.0,1 OBL JWSH24040006-OBL.pdf,2024년 모듈발주\징코모듈\100MW 중 625W 10MW 03.25 선적\Re_ [탑솔라(주)  기자재실] 10MW 선적서류(ETD2024.04.07)\1 OBL JWSH24040006-OBL.pdf
OBL,SCAN,2,0,0.0,JWSH24090056 OBL.pdf,2024년 모듈발주\징코모듈\발주서(200MW 3개사)\징코 200MW 진행의 건\디원 25MW\630WP 5MW 진행 7920pcs\JWSH24090056 OBL.pdf
OBL,SCAN,2,0,0.0,3.OBL JWSH24090078.pdf,2024년 모듈발주\징코모듈\발주서(200MW 3개사)\징코 200MW 진행의 건\탑솔라  125MW\징코모듈 630WP  25MW 선적  2024.09.13 개설\부산 9.8MW\3.OBL JWSH24090078.pdf
OBL,SCAN,2,0,0.0,3.OBL JWSH24090078.pdf,2024년 모듈발주\징코모듈\발주서(200MW 3개사)\징코 200MW 진행의 건\탑솔라  125MW\탑솔라 징코 25MW  2024.07. 분할개설\부산 9.8MW\3.OBL JWSH24090078.pdf
OBL,SCAN,2,0,0.0,JWSH24100046 OBL.pdf,2024년 모듈발주\징코모듈\발주서(200MW 3개사)\징코 200MW 진행의 건\탑솔라  125MW\징코모듈 630WP  40MW 선적 2024.09.27개설\3차징코 630WP 12672pcs\JWSH24100046 OBL.pdf
OBL,SCAN,2,0,0.0,JWSH24100047 OBL.pdf,2024년 모듈발주\징코모듈\발주서(200MW 3개사)\징코 200MW 진행의 건\탑솔라  125MW\징코모듈 630WP  40MW 선적 2024.09.27개설\2차 징코 630WP 9216pcs\JWSH24100047 OBL.pdf
OBL,SCAN,2,0,0.0,JWSH24110001 OBL.pdf,"2024년 모듈발주\징코모듈\발주서(200MW 3개사)\징코 200MW 진행의 건\탑솔라  125MW\징코모듈 630WP  40MW 선적 2024.09.27개설\6차 SNKO020241008028(11,520PCS)\JWSH24110001 OBL.pdf"
OBL,SCAN,2,0,0.0,JWSH24110002 OBL.pdf,"2024년 모듈발주\징코모듈\발주서(200MW 3개사)\징코 200MW 진행의 건\탑솔라  125MW\징코모듈 630WP  40MW 선적 2024.09.27개설\5차 SNKO020241008037(11,520PCS)\JWSH24110002 OBL.pdf"
OBL,SCAN,2,0,0.0,JWSH24110003 OBL.pdf,"2024년 모듈발주\징코모듈\발주서(200MW 3개사)\징코 200MW 진행의 건\탑솔라  125MW\징코모듈 630WP  40MW 선적 2024.09.27개설\4차 SNKO020241009053 (12,996PCS)\JWSH24110003 OBL.pdf"
CI,DIGITAL,1,1333,1333.0,JWSH24110019 CI.pdf,2024년 모듈발주\징코모듈\발주서(200MW 3개사)\징코 200MW 진행의 건\탑솔라  125MW\JWSH24110019  14400pcs\JWSH24110019 CI.pdf
CI,DIGITAL,1,1328,1328.0,JWSH24110019-CI.pdf,2024년 모듈발주\징코모듈\발주서(200MW 3개사)\징코 200MW 진행의 건\탑솔라  125MW\JWSH24110019  14400pcs\JWSH24110019-CI.pdf
OBL,SCAN,2,0,0.0,JWSH24110019 OBL.pdf,2024년 모듈발주\징코모듈\발주서(200MW 3개사)\징코 200MW 진행의 건\탑솔라  125MW\JWSH24110019  14400pcs\JWSH24110019 OBL.pdf
PL,DIGITAL,1,596,596.0,JWSH24110019-PL.pdf,2024년 모듈발주\징코모듈\발주서(200MW 3개사)\징코 200MW 진행의 건\탑솔라  125MW\JWSH24110019  14400pcs\JWSH24110019-PL.pdf
CI,DIGITAL,1,1414,1414.0,JWSH24110020 CI.pdf,2024년 모듈발주\징코모듈\발주서(200MW 3개사)\징코 200MW 진행의 건\탑솔라  125MW\JWSH24110020  14400pcs\JWSH24110020 CI.pdf
CI,DIGITAL,1,1409,1409.0,JWSH24110020-CI.pdf,2024년 모듈발주\징코모듈\발주서(200MW 3개사)\징코 200MW 진행의 건\탑솔라  125MW\JWSH24110020  14400pcs\JWSH24110020-CI.pdf
OBL,SCAN,2,0,0.0,JWSH24110020 OBL.pdf,2024년 모듈발주\징코모듈\발주서(200MW 3개사)\징코 200MW 진행의 건\탑솔라  125MW\JWSH24110020  14400pcs\JWSH24110020 OBL.pdf
PL,DIGITAL,1,692,692.0,JWSH24110020-PL.pdf,2024년 모듈발주\징코모듈\발주서(200MW 3개사)\징코 200MW 진행의 건\탑솔라  125MW\JWSH24110020  14400pcs\JWSH24110020-PL.pdf
CI,DIGITAL,1,1499,1499.0,JWSH24110022 CI.pdf,2024년 모듈발주\징코모듈\발주서(200MW 3개사)\징코 200MW 진행의 건\탑솔라  125MW\JWSH24110022\JWSH24110022 CI.pdf
CI,DIGITAL,1,1494,1494.0,JWSH24110022-CI.pdf,2024년 모듈발주\징코모듈\발주서(200MW 3개사)\징코 200MW 진행의 건\탑솔라  125MW\JWSH24110022\JWSH24110022-CI.pdf
OBL,SCAN,2,0,0.0,JWSH24110022 OBL.pdf,2024년 모듈발주\징코모듈\발주서(200MW 3개사)\징코 200MW 진행의 건\탑솔라  125MW\JWSH24110022\JWSH24110022 OBL.pdf
PL,DIGITAL,1,761,761.0,JWSH24110022-PL.pdf,2024년 모듈발주\징코모듈\발주서(200MW 3개사)\징코 200MW 진행의 건\탑솔라  125MW\JWSH24110022\JWSH24110022-PL.pdf
CI,DIGITAL,1,1333,1333.0,JWSH24110023 CI.pdf,2024년 모듈발주\징코모듈\발주서(200MW 3개사)\징코 200MW 진행의 건\탑솔라  125MW\JWSH24110023\JWSH24110023 CI.pdf
CI,DIGITAL,1,1328,1328.0,JWSH24110023-CI.pdf,2024년 모듈발주\징코모듈\발주서(200MW 3개사)\징코 200MW 진행의 건\탑솔라  125MW\JWSH24110023\JWSH24110023-CI.pdf
OBL,SCAN,2,0,0.0,JWSH24110023 OBL.pdf,2024년 모듈발주\징코모듈\발주서(200MW 3개사)\징코 200MW 진행의 건\탑솔라  125MW\JWSH24110023\JWSH24110023 OBL.pdf
PL,DIGITAL,1,619,619.0,JWSH24110023-PL.pdf,2024년 모듈발주\징코모듈\발주서(200MW 3개사)\징코 200MW 진행의 건\탑솔라  125MW\JWSH24110023\JWSH24110023-PL.pdf
BL,SCAN,1,0,0.0,JWSH24110024 JWL2021-COPY BL.pdf,2024년 모듈발주\징코모듈\발주서(200MW 3개사)\징코 200MW 진행의 건\탑솔라  125MW\부산 JWSH24110024\JWSH24110024 JWL2021-COPY BL.pdf
CI,DIGITAL,1,1321,1321.0,JWSH24110024-CI.pdf,2024년 모듈발주\징코모듈\발주서(200MW 3개사)\징코 200MW 진행의 건\탑솔라  125MW\부산 JWSH24110024\JWSH24110024-CI.pdf
OBL,SCAN,2,0,0.0,JWSH24110024 OBL.pdf,2024년 모듈발주\징코모듈\발주서(200MW 3개사)\징코 200MW 진행의 건\탑솔라  125MW\부산 JWSH24110024\JWSH24110024 OBL.pdf
PL,DIGITAL,1,619,619.0,JWSH24110024-PL.pdf,2024년 모듈발주\징코모듈\발주서(200MW 3개사)\징코 200MW 진행의 건\탑솔라  125MW\부산 JWSH24110024\JWSH24110024-PL.pdf
CI,DIGITAL,1,1329,1329.0,JWSH24110025 -CI.pdf,2024년 모듈발주\징코모듈\발주서(200MW 3개사)\징코 200MW 진행의 건\탑솔라  125MW\JWSH24110025 부산\JWSH24110025 -CI.pdf
OBL,SCAN,2,0,0.0,JWSH24110025 OBL.pdf,2024년 모듈발주\징코모듈\발주서(200MW 3개사)\징코 200MW 진행의 건\탑솔라  125MW\JWSH24110025 부산\JWSH24110025 OBL.pdf
PL,DIGITAL,1,610,610.0,JWSH24110025 -PL.pdf,2024년 모듈발주\징코모듈\발주서(200MW 3개사)\징코 200MW 진행의 건\탑솔라  125MW\JWSH24110025 부산\JWSH24110025 -PL.pdf
CI,DIGITAL,1,1277,1277.0,JWSH24110045-CI.pdf,2024년 모듈발주\징코모듈\발주서(200MW 3개사)\징코 200MW 진행의 건\탑솔라  125MW\디원 7840pcs\JWSH24110045-CI.pdf
OBL,SCAN,2,0,0.0,JWSH24110045 OBL.pdf,2024년 모듈발주\징코모듈\발주서(200MW 3개사)\징코 200MW 진행의 건\탑솔라  125MW\디원 7840pcs\JWSH24110045 OBL.pdf
PL,DIGITAL,1,701,701.0,JWSH24110045-PL.pdf,2024년 모듈발주\징코모듈\발주서(200MW 3개사)\징코 200MW 진행의 건\탑솔라  125MW\디원 7840pcs\JWSH24110045-PL.pdf
CI,DIGITAL,1,1284,1284.0,JWSH24110046 CI.pdf,2024년 모듈발주\징코모듈\발주서(200MW 3개사)\징코 200MW 진행의 건\탑솔라  125MW\일반광양 JWSH24110046  7920pcs\JWSH24110046 CI.pdf
OBL,SCAN,2,0,0.0,JWSH24110046 OBL.pdf,2024년 모듈발주\징코모듈\발주서(200MW 3개사)\징코 200MW 진행의 건\탑솔라  125MW\일반광양 JWSH24110046  7920pcs\JWSH24110046 OBL.pdf
PL,DIGITAL,1,620,620.0,JWSH24110046-PL.pdf,2024년 모듈발주\징코모듈\발주서(200MW 3개사)\징코 200MW 진행의 건\탑솔라  125MW\일반광양 JWSH24110046  7920pcs\JWSH24110046-PL.pdf
CI,DIGITAL,1,1302,1302.0,JWSH24110079-CI.pdf,"2024년 모듈발주\징코모듈\발주서(200MW 3개사)\징코 200MW 진행의 건\탑솔라  125MW\일반 광양 JWSH24110079  17,280pcs\JWSH24110079-CI.pdf"
OBL,SCAN,2,0,0.0,JWSH24110079 OBL.pdf,"2024년 모듈발주\징코모듈\발주서(200MW 3개사)\징코 200MW 진행의 건\탑솔라  125MW\일반 광양 JWSH24110079  17,280pcs\JWSH24110079 OBL.pdf"
PL,DIGITAL,1,626,626.0,JWSH24110079-PL.pdf,"2024년 모듈발주\징코모듈\발주서(200MW 3개사)\징코 200MW 진행의 건\탑솔라  125MW\일반 광양 JWSH24110079  17,280pcs\JWSH24110079-PL.pdf"
CI,DIGITAL,1,1286,1286.0,JWSH24110083 CI.pdf,2024년 모듈발주\징코모듈\발주서(200MW 3개사)\징코 200MW 진행의 건\탑솔라  125MW\광양 일반물량\JWSH24110083 CI.pdf
OBL,SCAN,2,0,0.0,JWSH24110083 OBL.pdf,2024년 모듈발주\징코모듈\발주서(200MW 3개사)\징코 200MW 진행의 건\탑솔라  125MW\광양 일반물량\JWSH24110083 OBL.pdf
PL,DIGITAL,1,628,628.0,JWSH24110083 PL v2.pdf,2024년 모듈발주\징코모듈\발주서(200MW 3개사)\징코 200MW 진행의 건\탑솔라  125MW\광양 일반물량\JWSH24110083 PL v2.pdf
PL,DIGITAL,2,628,314.0,JWSH24110083 PL.pdf,2024년 모듈발주\징코모듈\발주서(200MW 3개사)\징코 200MW 진행의 건\탑솔라  125MW\광양 일반물량\JWSH24110083 PL.pdf
CI,DIGITAL,1,1464,1464.0,JWSH24110084 CI.pdf,2024년 모듈발주\징코모듈\발주서(200MW 3개사)\징코 200MW 진행의 건\탑솔라  125MW\광양 일반물량\JWSH24110084 CI.pdf
OBL,SCAN,2,0,0.0,JWSH24110084 OBL.pdf,2024년 모듈발주\징코모듈\발주서(200MW 3개사)\징코 200MW 진행의 건\탑솔라  125MW\광양 일반물량\JWSH24110084 OBL.pdf
PL,DIGITAL,1,692,692.0,JWSH24110084 PL.pdf,2024년 모듈발주\징코모듈\발주서(200MW 3개사)\징코 200MW 진행의 건\탑솔라  125MW\광양 일반물량\JWSH24110084 PL.pdf
CI,DIGITAL,1,1383,1383.0,11520pcs JWSH24120043 CI.pdf,2024년 모듈발주\징코모듈\선적서류\11520pcs JWSH24120043 CI.pdf
OBL,SCAN,2,0,0.0,11520pcs JWSH24120043 OBL.pdf,2024년 모듈발주\징코모듈\선적서류\11520pcs JWSH24120043 OBL.pdf
PL,DIGITAL,1,663,663.0,11520pcs JWSH24120043 PL.pdf,2024년 모듈발주\징코모듈\선적서류\11520pcs JWSH24120043 PL.pdf
CI,DIGITAL,1,1385,1385.0,12096pcs JWSH24120044 CI.pdf,2024년 모듈발주\징코모듈\선적서류\12096pcs JWSH24120044 CI.pdf
OBL,SCAN,2,0,0.0,12096pcs JWSH24120044 OBL.pdf,2024년 모듈발주\징코모듈\선적서류\12096pcs JWSH24120044 OBL.pdf
PL,DIGITAL,1,667,667.0,12096pcs JWSH24120044 PL.pdf,2024년 모듈발주\징코모듈\선적서류\12096pcs JWSH24120044 PL.pdf
CI,DIGITAL,1,1347,1347.0,CI 8000121180 SNKO03K250201369 JWSH250300.pdf,2024년 모듈발주\징코모듈\발주서(200MW 3개사)\징코 200MW 진행의 건\탑솔라  125MW\징코모듈 635WP  45MW 가운데 30MW(2025.02.19)\징코 7.5MW 3.5선적JWSH25030014\CI 8000121180 SNKO03K250201369 JWSH250300.pdf
CI,DIGITAL,1,1366,1366.0,CI 8000121181 SNKO03K250201374.pdf,2024년 모듈발주\징코모듈\발주서(200MW 3개사)\징코 200MW 진행의 건\탑솔라  125MW\징코모듈 635WP  45MW 가운데 30MW(2025.02.19)\징코 7.5MW 3.5선적JWSH25030014\CI 8000121181 SNKO03K250201374.pdf
OBL,DIGITAL,1,2221,2221.0,0014 탑솔라 수입필증 OBL JWSH25030014 2025.03.11.pdf,2024년 모듈발주\징코모듈\발주서(200MW 3개사)\징코 200MW 진행의 건\탑솔라  125MW\징코모듈 635WP  45MW 가운데 30MW(2025.02.19)\징코 7.5MW 3.5선적JWSH25030014\0014 탑솔라 수입필증 OBL JWSH25030014 2025.03.11.pdf
OBL,DIGITAL,1,2210,2210.0,1374 탑솔라 수입필증 OBL SNKO03K250201374   2025.03.11.pdf,2024년 모듈발주\징코모듈\발주서(200MW 3개사)\징코 200MW 진행의 건\탑솔라  125MW\징코모듈 635WP  45MW 가운데 30MW(2025.02.19)\징코 7.5MW 3.5선적JWSH25030014\1374 탑솔라 수입필증 OBL SNKO03K250201374   2025.03.11.pdf
OBL,SCAN,1,0,0.0,OBL JWSH25030014.pdf,2024년 모듈발주\징코모듈\발주서(200MW 3개사)\징코 200MW 진행의 건\탑솔라  125MW\징코모듈 635WP  45MW 가운데 30MW(2025.02.19)\징코 7.5MW 3.5선적JWSH25030014\OBL JWSH25030014.pdf
OBL,SCAN,2,0,0.0,OBL SNKO03K250201374.pdf,2024년 모듈발주\징코모듈\발주서(200MW 3개사)\징코 200MW 진행의 건\탑솔라  125MW\징코모듈 635WP  45MW 가운데 30MW(2025.02.19)\징코 7.5MW 3.5선적JWSH25030014\OBL SNKO03K250201374.pdf
PL,DIGITAL,1,643,643.0,PL JWSH25030014.pdf,2024년 모듈발주\징코모듈\발주서(200MW 3개사)\징코 200MW 진행의 건\탑솔라  125MW\징코모듈 635WP  45MW 가운데 30MW(2025.02.19)\징코 7.5MW 3.5선적JWSH25030014\PL JWSH25030014.pdf
PL,DIGITAL,1,643,643.0,PL SNKO03K250201374.pdf,2024년 모듈발주\징코모듈\발주서(200MW 3개사)\징코 200MW 진행의 건\탑솔라  125MW\징코모듈 635WP  45MW 가운데 30MW(2025.02.19)\징코 7.5MW 3.5선적JWSH25030014\PL SNKO03K250201374.pdf
CI,DIGITAL,1,1259,1259.0,2 CI_Z20240326077-1.pdf,2024년 모듈발주\징코모듈\100MW 중 625W 10MW 03.25 선적\Re_ [탑솔라(주)  기자재실] 10MW 선적서류(ETD2024.04.07)\2 CI_Z20240326077-1.pdf
PL,DIGITAL,1,604,604.0,3 PL_Z20240326077-1.pdf,2024년 모듈발주\징코모듈\100MW 중 625W 10MW 03.25 선적\Re_ [탑솔라(주)  기자재실] 10MW 선적서류(ETD2024.04.07)\3 PL_Z20240326077-1.pdf
CI,DIGITAL,1,1193,1193.0,SNKO020241008028-CUSTOMS-CI.pdf,"2024년 모듈발주\징코모듈\발주서(200MW 3개사)\징코 200MW 진행의 건\탑솔라  125MW\징코모듈 630WP  40MW 선적 2024.09.27개설\6차 SNKO020241008028(11,520PCS)\SNKO020241008028-CUSTOMS-CI.pdf"
PL,DIGITAL,1,623,623.0,SNKO020241008028-CUSTOMS-PL.pdf,"2024년 모듈발주\징코모듈\발주서(200MW 3개사)\징코 200MW 진행의 건\탑솔라  125MW\징코모듈 630WP  40MW 선적 2024.09.27개설\6차 SNKO020241008028(11,520PCS)\SNKO020241008028-CUSTOMS-PL.pdf"
CI,DIGITAL,1,1283,1283.0,SNKO020241008037 -CUSTOMS-CI.pdf,"2024년 모듈발주\징코모듈\발주서(200MW 3개사)\징코 200MW 진행의 건\탑솔라  125MW\징코모듈 630WP  40MW 선적 2024.09.27개설\5차 SNKO020241008037(11,520PCS)\SNKO020241008037 -CUSTOMS-CI.pdf"
PL,DIGITAL,1,685,685.0,SNKO020241008037 -CUSTOMS-PL.pdf,"2024년 모듈발주\징코모듈\발주서(200MW 3개사)\징코 200MW 진행의 건\탑솔라  125MW\징코모듈 630WP  40MW 선적 2024.09.27개설\5차 SNKO020241008037(11,520PCS)\SNKO020241008037 -CUSTOMS-PL.pdf"
CI,DIGITAL,1,1278,1278.0,SNKO020241009053 -CUSTOMS-CI.pdf,"2024년 모듈발주\징코모듈\발주서(200MW 3개사)\징코 200MW 진행의 건\탑솔라  125MW\징코모듈 630WP  40MW 선적 2024.09.27개설\4차 SNKO020241009053 (12,996PCS)\SNKO020241009053 -CUSTOMS-CI.pdf"
PL,DIGITAL,1,697,697.0,SNKO020241009053 -CUSTOMS-PL.pdf,"2024년 모듈발주\징코모듈\발주서(200MW 3개사)\징코 200MW 진행의 건\탑솔라  125MW\징코모듈 630WP  40MW 선적 2024.09.27개설\4차 SNKO020241009053 (12,996PCS)\SNKO020241009053 -CUSTOMS-PL.pdf"
BL,SCAN,1,0,0.0,LS2507281831_BL.pdf,"2025년 모듈 발주\론지솔라\탑솔라\론지모듈 640, 645,620\론지선적서류\[선적서류]_탑솔라(주)__론지모듈_LR7-72HYD-640_645M_11_40HQ__LR7-72HGD-620M_1_40HQ__\LS2507281831_BL.pdf"
PL,DIGITAL,2,2603,1301.5,LS2507281831  CI&PL.pdf,"2025년 모듈 발주\론지솔라\탑솔라\론지모듈 640, 645,620\론지선적서류\[선적서류]_탑솔라(주)__론지모듈_LR7-72HYD-640_645M_11_40HQ__LR7-72HGD-620M_1_40HQ__\LS2507281831  CI&PL.pdf"
OBL,DIGITAL,1,2210,2210.0,1374 탑솔라 수입필증 OBL SNKO03K250201374   2025.03.11.pdf,2025년 모듈 발주\수입신고필증\1374 탑솔라 수입필증 OBL SNKO03K250201374   2025.03.11.pdf
OBL,DIGITAL,1,2221,2221.0,0014 탑솔라 수입필증 OBL JWSH25030014 2025.03.11.pdf,2025년 모듈 발주\수입신고필증\0014 탑솔라 수입필증 OBL JWSH25030014 2025.03.11.pdf
BL,SCAN,2,0,0.0,"BL_17,280pcs.pdf","2025년 모듈 발주\징코모듈\화신이엔지\징코-화신 635WP 17280pcs SNKO03K251102055\BL_17,280pcs.pdf"
CI,DIGITAL,1,1354,1354.0,CI SNKO03K250302336.pdf,2025년 모듈 발주\징코모듈\탑솔라\170MW 계약 진행건 - 완료\170MW - 1차 개설 20MW(2025.03.14)\징코33.5\CI SNKO03K250302336.pdf
CI,DIGITAL,1,1354,1354.0,CI SNKO03K250302342.pdf,2025년 모듈 발주\징코모듈\탑솔라\170MW 계약 진행건 - 완료\170MW - 1차 개설 20MW(2025.03.14)\징코33.5\CI SNKO03K250302342.pdf
CI,DIGITAL,1,1352,1352.0,CI SNKO03K250302344.pdf,2025년 모듈 발주\징코모듈\탑솔라\170MW 계약 진행건 - 완료\170MW - 1차 개설 20MW(2025.03.14)\징코33.5\CI SNKO03K250302344.pdf
CI,DIGITAL,1,1352,1352.0,CI SNKO03K250302826.pdf,2025년 모듈 발주\징코모듈\탑솔라\170MW 계약 진행건 - 완료\170MW - 1차 개설 20MW(2025.03.14)\징코33.5\CI SNKO03K250302826.pdf
CI,DIGITAL,1,1360,1360.0,CI SNKO03K250400209 (SHACYV52616).pdf,2025년 모듈 발주\징코모듈\탑솔라\170MW 계약 진행건 - 완료\170MW - 1차 개설 20MW(2025.03.14)\징코33.5\CI SNKO03K250400209 (SHACYV52616).pdf
HBL,SCAN,6,0,0.0,HBL SNKO03K250400209 (SHACYV52616).pdf,2025년 모듈 발주\징코모듈\탑솔라\170MW 계약 진행건 - 완료\170MW - 1차 개설 20MW(2025.03.14)\징코33.5\HBL SNKO03K250400209 (SHACYV52616).pdf
OBL,SCAN,2,0,0.0,OBL SNKO03K250302336.pdf,2025년 모듈 발주\징코모듈\탑솔라\170MW 계약 진행건 - 완료\170MW - 1차 개설 20MW(2025.03.14)\징코33.5\OBL SNKO03K250302336.pdf
OBL,SCAN,2,0,0.0,OBL SNKO03K250302342.pdf,2025년 모듈 발주\징코모듈\탑솔라\170MW 계약 진행건 - 완료\170MW - 1차 개설 20MW(2025.03.14)\징코33.5\OBL SNKO03K250302342.pdf
OBL,SCAN,2,0,0.0,OBL SNKO03K250302344.pdf,2025년 모듈 발주\징코모듈\탑솔라\170MW 계약 진행건 - 완료\170MW - 1차 개설 20MW(2025.03.14)\징코33.5\OBL SNKO03K250302344.pdf
OBL,SCAN,2,0,0.0,OBL SNKO03K250302826.pdf,2025년 모듈 발주\징코모듈\탑솔라\170MW 계약 진행건 - 완료\170MW - 1차 개설 20MW(2025.03.14)\징코33.5\OBL SNKO03K250302826.pdf
PL,DIGITAL,1,643,643.0,PL SNKO03K250302336.pdf,2025년 모듈 발주\징코모듈\탑솔라\170MW 계약 진행건 - 완료\170MW - 1차 개설 20MW(2025.03.14)\징코33.5\PL SNKO03K250302336.pdf
PL,DIGITAL,1,643,643.0,PL SNKO03K250302342.pdf,2025년 모듈 발주\징코모듈\탑솔라\170MW 계약 진행건 - 완료\170MW - 1차 개설 20MW(2025.03.14)\징코33.5\PL SNKO03K250302342.pdf
PL,DIGITAL,1,637,637.0,PL SNKO03K250302344.pdf,2025년 모듈 발주\징코모듈\탑솔라\170MW 계약 진행건 - 완료\170MW - 1차 개설 20MW(2025.03.14)\징코33.5\PL SNKO03K250302344.pdf
PL,DIGITAL,1,637,637.0,PL SNKO03K250302826.pdf,2025년 모듈 발주\징코모듈\탑솔라\170MW 계약 진행건 - 완료\170MW - 1차 개설 20MW(2025.03.14)\징코33.5\PL SNKO03K250302826.pdf
PL,DIGITAL,1,647,647.0,PL SNKO03K250400209 (SHACYV52616).pdf,2025년 모듈 발주\징코모듈\탑솔라\170MW 계약 진행건 - 완료\170MW - 1차 개설 20MW(2025.03.14)\징코33.5\PL SNKO03K250400209 (SHACYV52616).pdf
BL,SCAN,1,0,0.0,DJSCNGB250024680_BL COPY.pdf,2025년 모듈 발주\징코모듈\디원\선적서류\OneDrive_2025-12-09 디원 11502pcs  DJSCNGB250024680_BL\DJSCNGB250024680_BL COPY.pdf
CI,DIGITAL,1,1511,1511.0,"CI_Theone_11,502pcs  수정.pdf","2025년 모듈 발주\징코모듈\디원\선적서류\OneDrive_2025-12-09 디원 11502pcs  DJSCNGB250024680_BL\CI_Theone_11,502pcs  수정.pdf"
CI,DIGITAL,1,1451,1451.0,"CI_Theone_11,502pcs.pdf","2025년 모듈 발주\징코모듈\디원\선적서류\OneDrive_2025-12-09 디원 11502pcs  DJSCNGB250024680_BL\CI_Theone_11,502pcs.pdf"
PL,DIGITAL,1,766,766.0,"PL_Theone_11,502pcs 수정.pdf","2025년 모듈 발주\징코모듈\디원\선적서류\OneDrive_2025-12-09 디원 11502pcs  DJSCNGB250024680_BL\PL_Theone_11,502pcs 수정.pdf"
PL,DIGITAL,1,739,739.0,"PL_Theone_11,502pcs.pdf","2025년 모듈 발주\징코모듈\디원\선적서류\OneDrive_2025-12-09 디원 11502pcs  DJSCNGB250024680_BL\PL_Theone_11,502pcs.pdf"
BL,SCAN,1,0,0.0,"BL_Theone_5,760pcs.pdf","2025년 모듈 발주\징코모듈\디원\선적서류\OneDrive_2025-12-09 디원  5760pcs DJSCNGB250024685\BL_Theone_5,760pcs.pdf"
CI,DIGITAL,1,1363,1363.0,"CI_Theone_5,760pcs.pdf","2025년 모듈 발주\징코모듈\디원\선적서류\OneDrive_2025-12-09 디원  5760pcs DJSCNGB250024685\CI_Theone_5,760pcs.pdf"
PL,DIGITAL,1,671,671.0,"PL_Theone_5,760pcs.pdf","2025년 모듈 발주\징코모듈\디원\선적서류\OneDrive_2025-12-09 디원  5760pcs DJSCNGB250024685\PL_Theone_5,760pcs.pdf"
BL,SCAN,1,0,0.0,DJSCNGB250024687_BL COPY.pdf,"2025년 모듈 발주\징코모듈\탑솔라\400MW 계약서 - 350MW 변경\징코-탑솔라 13,248pcs- 동진상선 DJSCNGB250024687\DJSCNGB250024687_BL COPY.pdf"
CI,DIGITAL,1,1302,1302.0,"CI_13,248pcs.pdf","2025년 모듈 발주\징코모듈\탑솔라\400MW 계약서 - 350MW 변경\징코-탑솔라 13,248pcs- 동진상선 DJSCNGB250024687\CI_13,248pcs.pdf"
PL,DIGITAL,1,682,682.0,"PL_13,248pcs.pdf","2025년 모듈 발주\징코모듈\탑솔라\400MW 계약서 - 350MW 변경\징코-탑솔라 13,248pcs- 동진상선 DJSCNGB250024687\PL_13,248pcs.pdf"
CI,DIGITAL,1,1354,1354.0,3.8000322588-CUSTOMS-Z202512020148-2-CI.pdf,"2025년 모듈 발주\징코모듈\탑솔라\400MW 계약서 - 350MW 변경\징코-탑솔라 11,772pcs\FW_ ZJNATP0006 8000322588,DJSCNGB250024696,QTY_11772 Pcs\3.8000322588-CUSTOMS-Z202512020148-2-CI.pdf"
PL,DIGITAL,1,688,688.0,4.8000322588-CUSTOMS-Z202512020148-2-PL.pdf,"2025년 모듈 발주\징코모듈\탑솔라\400MW 계약서 - 350MW 변경\징코-탑솔라 11,772pcs\FW_ ZJNATP0006 8000322588,DJSCNGB250024696,QTY_11772 Pcs\4.8000322588-CUSTOMS-Z202512020148-2-PL.pdf"
BL,SCAN,2,0,0.0,SNKO03K251102055 BL (1).pdf,"2025년 모듈 발주\징코모듈\화신이엔지\징코-화신 635WP 17280pcs SNKO03K251102055\FW_ Re_ ZJNAHW002 8000325107,SNKO03K251102055,QTY_17280 PCS\SNKO03K251102055 BL (1).pdf"
CI,DIGITAL,1,1096,1096.0,1.8000325107-CUSTOMS-Z202512050197-2-CI.pdf,"2025년 모듈 발주\징코모듈\화신이엔지\징코-화신 635WP 17280pcs SNKO03K251102055\FW_ Re_ ZJNAHW002 8000325107,SNKO03K251102055,QTY_17280 PCS\1.8000325107-CUSTOMS-Z202512050197-2-CI.pdf"
CI,DIGITAL,1,1096,1096.0,SNKO03K251102055CI.pdf,"2025년 모듈 발주\징코모듈\화신이엔지\징코-화신 635WP 17280pcs SNKO03K251102055\FW_ Re_ ZJNAHW002 8000325107,SNKO03K251102055,QTY_17280 PCS\SNKO03K251102055CI.pdf"
PL,DIGITAL,1,659,659.0,3.8000325107-CUSTOMS-Z202512050197-2-PL.pdf,"2025년 모듈 발주\징코모듈\화신이엔지\징코-화신 635WP 17280pcs SNKO03K251102055\FW_ Re_ ZJNAHW002 8000325107,SNKO03K251102055,QTY_17280 PCS\3.8000325107-CUSTOMS-Z202512050197-2-PL.pdf"
PL,DIGITAL,1,659,659.0,SNKO03K251102055 PL.pdf,"2025년 모듈 발주\징코모듈\화신이엔지\징코-화신 635WP 17280pcs SNKO03K251102055\FW_ Re_ ZJNAHW002 8000325107,SNKO03K251102055,QTY_17280 PCS\SNKO03K251102055 PL.pdf"
CI,DIGITAL,1,1082,1082.0,1.8000325101-CUSTOMS-Z202512050196-2-CI.pdf,2025년 모듈 발주\징코모듈\화신이엔지\징코-화신 635WP 17280pcs  JWSH25120010\FW_ ZJNAHW002 KR\1.8000325101-CUSTOMS-Z202512050196-2-CI.pdf
PL,DIGITAL,1,659,659.0,3.8000325101-CUSTOMS-Z202512050196-2-PL.pdf,2025년 모듈 발주\징코모듈\화신이엔지\징코-화신 635WP 17280pcs  JWSH25120010\FW_ ZJNAHW002 KR\3.8000325101-CUSTOMS-Z202512050196-2-PL.pdf
CI,DIGITAL,1,1356,1356.0,CI HDMUSHAA28081200 635W 17280pcs.pdf,2025년 모듈 발주\징코모듈\탑솔라\170MW 계약 진행건 - 완료\170MW - 2차 개설 25MW)2025.03.19)\징코 17280pcs\CI HDMUSHAA28081200 635W 17280pcs.pdf
OBL,SCAN,2,0,0.0,OBL HDMUSHAA28081200 635W 17280pcs.pdf,2025년 모듈 발주\징코모듈\탑솔라\170MW 계약 진행건 - 완료\170MW - 2차 개설 25MW)2025.03.19)\징코 17280pcs\OBL HDMUSHAA28081200 635W 17280pcs.pdf
PL,DIGITAL,1,643,643.0,PL HDMUSHAA28081200 635W 17280pcs.pdf,2025년 모듈 발주\징코모듈\탑솔라\170MW 계약 진행건 - 완료\170MW - 2차 개설 25MW)2025.03.19)\징코 17280pcs\PL HDMUSHAA28081200 635W 17280pcs.pdf
CI,DIGITAL,1,1375,1375.0,JWSH25070012 CI.pdf,2025년 모듈 발주\징코모듈\탑솔라\170MW 계약 진행건 - 완료\170MW - 5차 개설 63MW\33MW  2025.06.19  산업은행\JWSH25070012\JWSH25070012 CI.pdf
OBL,SCAN,2,0,0.0,JWSH25070012 OBL.pdf,2025년 모듈 발주\징코모듈\탑솔라\170MW 계약 진행건 - 완료\170MW - 5차 개설 63MW\33MW  2025.06.19  산업은행\JWSH25070012\JWSH25070012 OBL.pdf
PL,DIGITAL,1,644,644.0,JWSH25070012 PL.pdf,2025년 모듈 발주\징코모듈\탑솔라\170MW 계약 진행건 - 완료\170MW - 5차 개설 63MW\33MW  2025.06.19  산업은행\JWSH25070012\JWSH25070012 PL.pdf
CI,DIGITAL,1,1375,1375.0,JWSH25070013 CI.pdf,2025년 모듈 발주\징코모듈\탑솔라\170MW 계약 진행건 - 완료\170MW - 5차 개설 63MW\33MW  2025.06.19  산업은행\JWSH25070013\JWSH25070013 CI.pdf
OBL,SCAN,2,0,0.0,JWSH25070013 OBL.pdf,2025년 모듈 발주\징코모듈\탑솔라\170MW 계약 진행건 - 완료\170MW - 5차 개설 63MW\33MW  2025.06.19  산업은행\JWSH25070013\JWSH25070013 OBL.pdf
PL,DIGITAL,1,644,644.0,JWSH25070013 PL.pdf,2025년 모듈 발주\징코모듈\탑솔라\170MW 계약 진행건 - 완료\170MW - 5차 개설 63MW\33MW  2025.06.19  산업은행\JWSH25070013\JWSH25070013 PL.pdf
CI,DIGITAL,1,1269,1269.0,JWSH25070017 CI.pdf,2025년 모듈 발주\징코모듈\디원\선적서류\FW_ Re_ 진코 25Q3선적LC Re_ 7월선적스케줄 Re_ 선적납기  JWSH25070017\JWSH25070017 CI.pdf
CI,DIGITAL,1,1269,1269.0,JWSH25070017 CI.pdf,2025년 모듈 발주\징코모듈\탑솔라\170MW 계약 진행건 - 완료\170MW - 5차 개설 63MW\JWSH25070017\JWSH25070017 CI.pdf
OBL,SCAN,2,0,0.0,JWSH25070017 OBL.pdf,2025년 모듈 발주\징코모듈\디원\선적서류\FW_ Re_ 진코 25Q3선적LC Re_ 7월선적스케줄 Re_ 선적납기  JWSH25070017\JWSH25070017 OBL.pdf
OBL,SCAN,2,0,0.0,JWSH25070017 OBL.pdf,2025년 모듈 발주\징코모듈\탑솔라\170MW 계약 진행건 - 완료\170MW - 5차 개설 63MW\JWSH25070017\JWSH25070017 OBL.pdf
PL,DIGITAL,1,657,657.0,JWSH25070017 PL.pdf,2025년 모듈 발주\징코모듈\디원\선적서류\FW_ Re_ 진코 25Q3선적LC Re_ 7월선적스케줄 Re_ 선적납기  JWSH25070017\JWSH25070017 PL.pdf
PL,DIGITAL,1,657,657.0,JWSH25070017 PL.pdf,2025년 모듈 발주\징코모듈\탑솔라\170MW 계약 진행건 - 완료\170MW - 5차 개설 63MW\JWSH25070017\JWSH25070017 PL.pdf
CI,DIGITAL,1,1263,1263.0,JWSH25070018 CI.pdf,2025년 모듈 발주\징코모듈\디원\선적서류\FW_ Re_ 진코 25Q3선적LC Re_ 7월선적스케줄 Re_    JWSH25070018\JWSH25070018 CI.pdf
CI,DIGITAL,1,1263,1263.0,JWSH25070018 CI.pdf,2025년 모듈 발주\징코모듈\탑솔라\170MW 계약 진행건 - 완료\170MW - 5차 개설 63MW\JWSH25070018\JWSH25070018 CI.pdf
OBL,SCAN,1,0,0.0,JWSH25070018 OBL.pdf,2025년 모듈 발주\징코모듈\디원\선적서류\FW_ Re_ 진코 25Q3선적LC Re_ 7월선적스케줄 Re_    JWSH25070018\JWSH25070018 OBL.pdf
OBL,SCAN,1,0,0.0,JWSH25070018 OBL.pdf,2025년 모듈 발주\징코모듈\탑솔라\170MW 계약 진행건 - 완료\170MW - 5차 개설 63MW\JWSH25070018\JWSH25070018 OBL.pdf
PL,DIGITAL,1,651,651.0,JWSH25070018 PL.pdf,2025년 모듈 발주\징코모듈\디원\선적서류\FW_ Re_ 진코 25Q3선적LC Re_ 7월선적스케줄 Re_    JWSH25070018\JWSH25070018 PL.pdf
PL,DIGITAL,1,651,651.0,JWSH25070018 PL.pdf,2025년 모듈 발주\징코모듈\탑솔라\170MW 계약 진행건 - 완료\170MW - 5차 개설 63MW\JWSH25070018\JWSH25070018 PL.pdf
CI,DIGITAL,1,1298,1298.0,JWSH25070021 CI.pdf,2025년 모듈 발주\징코모듈\탑솔라\170MW 계약 진행건 - 완료\170MW - 5차 개설 63MW\JWSH25070021\JWSH25070021 CI.pdf
OBL,SCAN,1,0,0.0,JWSH25070021 OBL.pdf,2025년 모듈 발주\징코모듈\탑솔라\170MW 계약 진행건 - 완료\170MW - 5차 개설 63MW\JWSH25070021\JWSH25070021 OBL.pdf
PL,DIGITAL,1,643,643.0,JWSH25070021 PL.pdf,2025년 모듈 발주\징코모듈\탑솔라\170MW 계약 진행건 - 완료\170MW - 5차 개설 63MW\JWSH25070021\JWSH25070021 PL.pdf
CI,DIGITAL,1,1305,1305.0,JWSH25070022 CI.pdf,2025년 모듈 발주\징코모듈\탑솔라\170MW 계약 진행건 - 완료\170MW - 5차 개설 63MW\33MW  2025.06.19  산업은행\징코 2025.7.15선적 JWSH25070022\JWSH25070022 CI.pdf
OBL,SCAN,2,0,0.0,JWSH25070022 OBL.pdf,2025년 모듈 발주\징코모듈\탑솔라\170MW 계약 진행건 - 완료\170MW - 5차 개설 63MW\33MW  2025.06.19  산업은행\징코 2025.7.15선적 JWSH25070022\JWSH25070022 OBL.pdf
PL,DIGITAL,1,630,630.0,JWSH25070022 PL.pdf,2025년 모듈 발주\징코모듈\탑솔라\170MW 계약 진행건 - 완료\170MW - 5차 개설 63MW\33MW  2025.06.19  산업은행\징코 2025.7.15선적 JWSH25070022\JWSH25070022 PL.pdf
CI,DIGITAL,1,1276,1276.0,JWSH25070025 CI.pdf,2025년 모듈 발주\징코모듈\탑솔라\170MW 계약 진행건 - 완료\170MW - 5차 개설 63MW\JWSH25070025\JWSH25070025 CI.pdf
OBL,SCAN,2,0,0.0,JWSH25070025 OBL.pdf,2025년 모듈 발주\징코모듈\탑솔라\170MW 계약 진행건 - 완료\170MW - 5차 개설 63MW\JWSH25070025\JWSH25070025 OBL.pdf
PL,DIGITAL,1,634,634.0,JWSH25070025 PL.pdf,2025년 모듈 발주\징코모듈\탑솔라\170MW 계약 진행건 - 완료\170MW - 5차 개설 63MW\JWSH25070025\JWSH25070025 PL.pdf
CI,DIGITAL,1,1265,1265.0,JWSH25070026 CI.pdf,2025년 모듈 발주\징코모듈\탑솔라\170MW 계약 진행건 - 완료\170MW - 6차 개설 24.3MW\JWSH25070026\JWSH25070026 CI.pdf
OBL,SCAN,2,0,0.0,JWSH25070026 OBL.pdf,2025년 모듈 발주\징코모듈\탑솔라\170MW 계약 진행건 - 완료\170MW - 6차 개설 24.3MW\JWSH25070026\JWSH25070026 OBL.pdf
PL,DIGITAL,1,644,644.0,JWSH25070026 PL.pdf,2025년 모듈 발주\징코모듈\탑솔라\170MW 계약 진행건 - 완료\170MW - 6차 개설 24.3MW\JWSH25070026\JWSH25070026 PL.pdf
CI,DIGITAL,1,1322,1322.0,JWSH25080025 CI.pdf,"2025년 모듈 발주\징코모듈\탑솔라\170MW 계약 진행건 - 완료\170MW - 6차 개설 24.3MW\JWSH25080025,26\FW_ RE_ 진코 25Q3선적LC\JWSH25080025 CI.pdf"
OBL,SCAN,2,0,0.0,JWSH25080025 OBL.pdf,"2025년 모듈 발주\징코모듈\탑솔라\170MW 계약 진행건 - 완료\170MW - 6차 개설 24.3MW\JWSH25080025,26\FW_ RE_ 진코 25Q3선적LC\JWSH25080025 OBL.pdf"
PL,DIGITAL,1,669,669.0,JWSH25080025 PL.pdf,"2025년 모듈 발주\징코모듈\탑솔라\170MW 계약 진행건 - 완료\170MW - 6차 개설 24.3MW\JWSH25080025,26\FW_ RE_ 진코 25Q3선적LC\JWSH25080025 PL.pdf"
CI,DIGITAL,1,1332,1332.0,JWSH25080026 CI.pdf,"2025년 모듈 발주\징코모듈\탑솔라\170MW 계약 진행건 - 완료\170MW - 6차 개설 24.3MW\JWSH25080025,26\FW_ RE_ 진코 25Q3선적LC\JWSH25080026 CI.pdf"
OBL,SCAN,1,0,0.0,JWSH25080026 OBL.pdf,"2025년 모듈 발주\징코모듈\탑솔라\170MW 계약 진행건 - 완료\170MW - 6차 개설 24.3MW\JWSH25080025,26\FW_ RE_ 진코 25Q3선적LC\JWSH25080026 OBL.pdf"
PL,DIGITAL,1,677,677.0,JWSH25080026 Pl.pdf,"2025년 모듈 발주\징코모듈\탑솔라\170MW 계약 진행건 - 완료\170MW - 6차 개설 24.3MW\JWSH25080025,26\FW_ RE_ 진코 25Q3선적LC\JWSH25080026 Pl.pdf"
CI,DIGITAL,1,1454,1454.0,JWSH25080028 CI.pdf,2025년 모듈 발주\징코모듈\탑솔라\170MW 계약 진행건 - 완료\170MW - 6차 개설 24.3MW\징코모듈  ETD 8.31 17718pcs\JWSH25080028 CI.pdf
OBL,SCAN,2,0,0.0,JWSH25080028 OBL.pdf,2025년 모듈 발주\징코모듈\탑솔라\170MW 계약 진행건 - 완료\170MW - 6차 개설 24.3MW\징코모듈  ETD 8.31 17718pcs\JWSH25080028 OBL.pdf
PL,DIGITAL,1,716,716.0,JWSH25080028 PL.pdf,2025년 모듈 발주\징코모듈\탑솔라\170MW 계약 진행건 - 완료\170MW - 6차 개설 24.3MW\징코모듈  ETD 8.31 17718pcs\JWSH25080028 PL.pdf
CI,DIGITAL,1,1375,1375.0,JWSH25090001 CI.pdf,2025년 모듈 발주\징코모듈\디원\선적서류\디원  11520pcs\JWSH25090001 CI.pdf
OBL,SCAN,2,0,0.0,JWSH25090001 OBL.pdf,2025년 모듈 발주\징코모듈\디원\선적서류\디원  11520pcs\JWSH25090001 OBL.pdf
PL,DIGITAL,1,646,646.0,JWSH25090001 PL.pdf,2025년 모듈 발주\징코모듈\디원\선적서류\디원  11520pcs\JWSH25090001 PL.pdf
CI,DIGITAL,1,1379,1379.0,JWSH25090007 CI.pdf,2025년 모듈 발주\징코모듈\9월 징코모듈 선적서류\RE_ 진코솔라 9월 선적스케줄\디원\JWSH25090007 CI.pdf
CI,DIGITAL,1,1379,1379.0,JWSH25090007 CI.pdf,2025년 모듈 발주\징코모듈\디원\선적서류\JWSH25090007 CI.pdf
OBL,SCAN,2,0,0.0,JWSH25090007 OBL.pdf,2025년 모듈 발주\징코모듈\9월 징코모듈 선적서류\RE_ 진코솔라 9월 선적스케줄\디원\JWSH25090007 OBL.pdf
OBL,SCAN,2,0,0.0,JWSH25090007 OBL.pdf,2025년 모듈 발주\징코모듈\디원\선적서류\JWSH25090007 OBL.pdf
PL,DIGITAL,1,650,650.0,JWSH25090007 PL.pdf,2025년 모듈 발주\징코모듈\9월 징코모듈 선적서류\RE_ 진코솔라 9월 선적스케줄\디원\JWSH25090007 PL.pdf
PL,DIGITAL,1,650,650.0,JWSH25090007 PL.pdf,2025년 모듈 발주\징코모듈\디원\선적서류\JWSH25090007 PL.pdf
CI,DIGITAL,1,1375,1375.0,JWSH25090008 CI.pdf,2025년 모듈 발주\징코모듈\9월 징코모듈 선적서류\RE_ 진코솔라 9월 선적스케줄\디원\JWSH25090008 CI.pdf
CI,DIGITAL,1,1375,1375.0,JWSH25090008 CI.pdf,2025년 모듈 발주\징코모듈\디원\선적서류\JWSH25090008 CI.pdf
OBL,SCAN,2,0,0.0,JWSH25090008 OBL.pdf,2025년 모듈 발주\징코모듈\9월 징코모듈 선적서류\RE_ 진코솔라 9월 선적스케줄\디원\JWSH25090008 OBL.pdf
OBL,SCAN,2,0,0.0,JWSH25090008 OBL.pdf,2025년 모듈 발주\징코모듈\디원\선적서류\JWSH25090008 OBL.pdf
PL,DIGITAL,1,646,646.0,JWSH25090008 PL.pdf,2025년 모듈 발주\징코모듈\9월 징코모듈 선적서류\RE_ 진코솔라 9월 선적스케줄\디원\JWSH25090008 PL.pdf
PL,DIGITAL,1,646,646.0,JWSH25090008 PL.pdf,2025년 모듈 발주\징코모듈\디원\선적서류\JWSH25090008 PL.pdf
CI,DIGITAL,1,1377,1377.0,JWSH25090011 CI.pdf,2025년 모듈 발주\징코모듈\디원\선적서류\디원 9252pcs\JWSH25090011 CI.pdf
OBL,SCAN,2,0,0.0,JWSH25090011 OBL.pdf,2025년 모듈 발주\징코모듈\디원\선적서류\디원 9252pcs\JWSH25090011 OBL.pdf
PL,DIGITAL,1,644,644.0,JWSH25090011 PL.pdf,2025년 모듈 발주\징코모듈\디원\선적서류\디원 9252pcs\JWSH25090011 PL.pdf
CI,DIGITAL,1,1373,1373.0,JWSH25090054 CI.pdf,2025년 모듈 발주\징코모듈\9월 징코모듈 선적서류\새 폴더\RE_ 진코솔라 9월 선적스케줄\JWSH25090054 CI.pdf
OBL,SCAN,2,0,0.0,JWSH25090054 OBL.pdf,2025년 모듈 발주\징코모듈\9월 징코모듈 선적서류\새 폴더\RE_ 진코솔라 9월 선적스케줄\JWSH25090054 OBL.pdf
PL,DIGITAL,1,637,637.0,JWSH25090054 PL.pdf,2025년 모듈 발주\징코모듈\9월 징코모듈 선적서류\새 폴더\RE_ 진코솔라 9월 선적스케줄\JWSH25090054 PL.pdf
CI,DIGITAL,1,1379,1379.0,JWSH25090055 CI.pdf,2025년 모듈 발주\징코모듈\9월 징코모듈 선적서류\새 폴더\RE_ 진코솔라 9월 선적스케줄\JWSH25090055 CI.pdf
OBL,SCAN,2,0,0.0,JWSH25090055 OBL.pdf,2025년 모듈 발주\징코모듈\9월 징코모듈 선적서류\새 폴더\RE_ 진코솔라 9월 선적스케줄\JWSH25090055 OBL.pdf
PL,DIGITAL,1,647,647.0,JWSH25090055 PL.pdf,2025년 모듈 발주\징코모듈\9월 징코모듈 선적서류\새 폴더\RE_ 진코솔라 9월 선적스케줄\JWSH25090055 PL.pdf
CI,DIGITAL,1,1379,1379.0,JWSH25090057 CI.pdf,2025년 모듈 발주\징코모듈\9월 징코모듈 선적서류\새 폴더\RE_ 진코솔라 9월 선적스케줄\JWSH25090057 CI.pdf
OBL,SCAN,2,0,0.0,JWSH25090057 OBL.pdf,2025년 모듈 발주\징코모듈\9월 징코모듈 선적서류\새 폴더\RE_ 진코솔라 9월 선적스케줄\JWSH25090057 OBL.pdf
PL,DIGITAL,1,647,647.0,JWSH25090057 PL.pdf,2025년 모듈 발주\징코모듈\9월 징코모듈 선적서류\새 폴더\RE_ 진코솔라 9월 선적스케줄\JWSH25090057 PL.pdf
CI,DIGITAL,1,1082,1082.0,"CI_17,280pcs.pdf","2025년 모듈 발주\징코모듈\화신이엔지\징코-화신 635WP 17280pcs  JWSH25120010\CI_17,280pcs.pdf"
CI,DIGITAL,1,1082,1082.0,JWSH25120010  CI.pdf,2025년 모듈 발주\징코모듈\화신이엔지\징코-화신 635WP 17280pcs  JWSH25120010\FW_ ZJNAHW002 KR\JWSH25120010  CI.pdf
OBL,SCAN,2,0,0.0,2.JWSH25120010 OBL.pdf,2025년 모듈 발주\징코모듈\화신이엔지\징코-화신 635WP 17280pcs  JWSH25120010\FW_ ZJNAHW002 KR\2.JWSH25120010 OBL.pdf
PL,DIGITAL,1,659,659.0,JWSH25120010 -PL.pdf,2025년 모듈 발주\징코모듈\화신이엔지\징코-화신 635WP 17280pcs  JWSH25120010\FW_ ZJNAHW002 KR\JWSH25120010 -PL.pdf
PL,DIGITAL,1,659,659.0,"PL_17,280pcs.pdf","2025년 모듈 발주\징코모듈\화신이엔지\징코-화신 635WP 17280pcs  JWSH25120010\PL_17,280pcs.pdf"
BL,SCAN,1,0,0.0,"BL_4,284pcs JWSH25120016.pdf","2025년 모듈 발주\징코모듈\탑솔라\400MW 계약서 - 350MW 변경\징코-탑솔라 4284pcs-JWSH25120016\BL_4,284pcs JWSH25120016.pdf"
CI,DIGITAL,1,1297,1297.0,"CI_4,284pcs.pdf","2025년 모듈 발주\징코모듈\탑솔라\400MW 계약서 - 350MW 변경\징코-탑솔라 4284pcs-JWSH25120016\CI_4,284pcs.pdf"
PL,DIGITAL,1,677,677.0,"PL_4,284pcs.pdf","2025년 모듈 발주\징코모듈\탑솔라\400MW 계약서 - 350MW 변경\징코-탑솔라 4284pcs-JWSH25120016\PL_4,284pcs.pdf"
CI,DIGITAL,1,1304,1304.0,"CI_15,732pcs  수정본.pdf","2025년 모듈 발주\징코모듈\탑솔라\400MW 계약서 - 350MW 변경\징코-탑솔라 15732pcs-JWSH25120029\CI_15,732pcs  수정본.pdf"
CI,DIGITAL,1,1387,1387.0,"CI_15,732pcs.pdf","2025년 모듈 발주\징코모듈\탑솔라\400MW 계약서 - 350MW 변경\징코-탑솔라 15732pcs-JWSH25120029\CI_15,732pcs.pdf"
PL,DIGITAL,1,683,683.0,"PL_15,732pcs - 수정본.pdf","2025년 모듈 발주\징코모듈\탑솔라\400MW 계약서 - 350MW 변경\징코-탑솔라 15732pcs-JWSH25120029\PL_15,732pcs - 수정본.pdf"
PL,DIGITAL,1,660,660.0,"PL_15,732pcs.pdf","2025년 모듈 발주\징코모듈\탑솔라\400MW 계약서 - 350MW 변경\징코-탑솔라 15732pcs-JWSH25120029\PL_15,732pcs.pdf"
BL,SCAN,2,0,0.0,"BL_19,332pcs JWSH25120034.pdf","2025년 모듈 발주\징코모듈\탑솔라\400MW 계약서 - 350MW 변경\징코-탑솔라 19332pcs-JWSH25120034\RE_ [진코솔라코리아] Topsolar 52mw_CI,PL,FR 송부의 건\BL_19,332pcs JWSH25120034.pdf"
OBL,SCAN,1,0,0.0,LS2512293984_OBL.pdf,"2025년 모듈 발주\징코모듈\화신이엔지\론지-징코모듈SHADHG40310\THE ONE Co., Ltd_40HQ_17_LS2512293984_ATD12.29\LS2512293984_OBL.pdf"
PL,DIGITAL,2,2905,1452.5,LS2512293984_CI&PL.pdf,"2025년 모듈 발주\징코모듈\화신이엔지\론지-징코모듈SHADHG40310\THE ONE Co., Ltd_40HQ_17_LS2512293984_ATD12.29\LS2512293984_CI&PL.pdf"
HBL,SCAN,2,0,0.0,NBOA39932100_HBL扫描.pdf,2025년 모듈 발주\징코모듈\탑솔라\170MW 계약 진행건 - 완료\170MW - 4차 개설 37MW(2025.04.07)\NBOZY6445100  16128pcs  SHKWA25011758\NBOA39932100_HBL扫描.pdf
CI,DIGITAL,1,1360,1360.0,NBOZY6445100 CI.pdf,2025년 모듈 발주\징코모듈\탑솔라\170MW 계약 진행건 - 완료\170MW - 4차 개설 37MW(2025.04.07)\NBOZY6445100  16128pcs  SHKWA25011758\NBOZY6445100 CI.pdf
PL,DIGITAL,1,647,647.0,NBOZY6445100 PL.pdf,2025년 모듈 발주\징코모듈\탑솔라\170MW 계약 진행건 - 완료\170MW - 4차 개설 37MW(2025.04.07)\NBOZY6445100  16128pcs  SHKWA25011758\NBOZY6445100 PL.pdf
CI,DIGITAL,1,1369,1369.0,"CI_19,332pcs.pdf","2025년 모듈 발주\징코모듈\탑솔라\400MW 계약서 - 350MW 변경\징코-탑솔라 19332pcs-JWSH25120034\RE_ [진코솔라코리아] Topsolar 52mw_CI,PL,FR 송부의 건\CI_19,332pcs.pdf"
PL,DIGITAL,1,690,690.0,"PL_19,332pcs.pdf","2025년 모듈 발주\징코모듈\탑솔라\400MW 계약서 - 350MW 변경\징코-탑솔라 19332pcs-JWSH25120034\RE_ [진코솔라코리아] Topsolar 52mw_CI,PL,FR 송부의 건\PL_19,332pcs.pdf"
CI,DIGITAL,1,1373,1373.0,"CI_17,532pcs.pdf","2025년 모듈 발주\징코모듈\탑솔라\400MW 계약서 - 350MW 변경\징코-탑솔라 17,532pcs  SELYIT256012\RE_ [진코솔라코리아] Topsolar CI, PL, FR 송부의 건\CI_17,532pcs.pdf"
PL,DIGITAL,1,688,688.0,"PL_17,532pcs.pdf","2025년 모듈 발주\징코모듈\탑솔라\400MW 계약서 - 350MW 변경\징코-탑솔라 17,532pcs  SELYIT256012\RE_ [진코솔라코리아] Topsolar CI, PL, FR 송부의 건\PL_17,532pcs.pdf"
BL,SCAN,12,0,0.0,"BL_17,532pcs  SELYIT256012.pdf","2025년 모듈 발주\징코모듈\탑솔라\400MW 계약서 - 350MW 변경\징코-탑솔라 17,532pcs  SELYIT256012\RE_ [진코솔라코리아] Topsolar CI, PL, FR 송부의 건\BL_17,532pcs  SELYIT256012.pdf"
CI,DIGITAL,1,1373,1373.0,"CI_17,532pcs.pdf","2025년 모듈 발주\징코모듈\탑솔라\400MW 계약서 - 350MW 변경\징코-탑솔라 17,532pcs  SELYIT256012\CI_17,532pcs.pdf"
BL,SCAN,2,0,0.0,MX-M5658N_20250523_141424 O BL.pdf,2025년 모듈 발주\징코모듈\탑솔라\170MW 계약 진행건 - 완료\170MW - 3차 개설 5.5MW(2025.04.04)\635WP  8640pcs SHKWA25009166  (2025.05.22)\MX-M5658N_20250523_141424 O BL.pdf
BL,DIGITAL,2,2117,1058.5,SHKWA25009166 BL draft.pdf,2025년 모듈 발주\징코모듈\탑솔라\170MW 계약 진행건 - 완료\170MW - 3차 개설 5.5MW(2025.04.04)\635WP  8640pcs SHKWA25009166  (2025.05.22)\SHKWA25009166 BL draft.pdf
CI,DIGITAL,1,1352,1352.0,SHKWA25009166 CI.pdf,2025년 모듈 발주\징코모듈\탑솔라\170MW 계약 진행건 - 완료\170MW - 3차 개설 5.5MW(2025.04.04)\635WP  8640pcs SHKWA25009166  (2025.05.22)\SHKWA25009166 CI.pdf
PL,DIGITAL,1,637,637.0,SHKWA25009166 PL.pdf,2025년 모듈 발주\징코모듈\탑솔라\170MW 계약 진행건 - 완료\170MW - 3차 개설 5.5MW(2025.04.04)\635WP  8640pcs SHKWA25009166  (2025.05.22)\SHKWA25009166 PL.pdf
CI,DIGITAL,1,1360,1360.0,SHKWA25010062 CI.pdf,"2025년 모듈 발주\징코모듈\탑솔라\170MW 계약 진행건 - 완료\170MW - 4차 개설 37MW(2025.04.07)\징코 10MW(16,128pcs) 2025.06.02 SHKWA25010062\SHKWA25010062 CI.pdf"
OBL,SCAN,2,0,0.0,SHKWA25010062 OBL.pdf,"2025년 모듈 발주\징코모듈\탑솔라\170MW 계약 진행건 - 완료\170MW - 4차 개설 37MW(2025.04.07)\징코 10MW(16,128pcs) 2025.06.02 SHKWA25010062\SHKWA25010062 OBL.pdf"
PL,DIGITAL,1,647,647.0,SHKWA25010062 PL.pdf,"2025년 모듈 발주\징코모듈\탑솔라\170MW 계약 진행건 - 완료\170MW - 4차 개설 37MW(2025.04.07)\징코 10MW(16,128pcs) 2025.06.02 SHKWA25010062\SHKWA25010062 PL.pdf"
BL,SCAN,1,0,0.0,SHKWA25019106 BL update.PDF,2025년 모듈 발주\징코모듈\9월 징코모듈 선적서류\RE_ 진코솔라 9월 선적스케줄\SHKWA25019106 BL update.PDF
BL,SCAN,1,0,0.0,SHKWA25019106 BL.pdf,2025년 모듈 발주\징코모듈\9월 징코모듈 선적서류\RE_ 진코솔라 9월 선적스케줄\SHKWA25019106 BL.pdf
CI,DIGITAL,1,1379,1379.0,SHKWA25019106 CI.pdf,2025년 모듈 발주\징코모듈\9월 징코모듈 선적서류\RE_ 진코솔라 9월 선적스케줄\SHKWA25019106 CI.pdf
HBL,DIGITAL,2,2386,1193.0,SHKWA25019106 HBL.pdf,2025년 모듈 발주\징코모듈\9월 징코모듈 선적서류\RE_ 진코솔라 9월 선적스케줄\SHKWA25019106 HBL.pdf
PL,DIGITAL,1,647,647.0,SHKWA25019106 PL.pdf,2025년 모듈 발주\징코모듈\9월 징코모듈 선적서류\RE_ 진코솔라 9월 선적스케줄\SHKWA25019106 PL.pdf
BL,SCAN,1,0,0.0,SHKWA25019107 BL.pdf,2025년 모듈 발주\징코모듈\9월 징코모듈 선적서류\RE_ 진코솔라 9월 선적스케줄\SHKWA25019107 BL.pdf
CI,DIGITAL,1,1373,1373.0,SHKWA25019107 CI.pdf,2025년 모듈 발주\징코모듈\9월 징코모듈 선적서류\RE_ 진코솔라 9월 선적스케줄\SHKWA25019107 CI.pdf
HBL,SCAN,2,0,0.0,SHKWA25019107 HBL.pdf,2025년 모듈 발주\징코모듈\9월 징코모듈 선적서류\RE_ 진코솔라 9월 선적스케줄\SHKWA25019107 HBL.pdf
PL,DIGITAL,1,637,637.0,SHKWA25019107 PL.pdf,2025년 모듈 발주\징코모듈\9월 징코모듈 선적서류\RE_ 진코솔라 9월 선적스케줄\SHKWA25019107 PL.pdf
BL,SCAN,1,0,0.0,SHKWA25019109 BL.pdf,2025년 모듈 발주\징코모듈\9월 징코모듈 선적서류\RE_ 진코솔라 9월 선적스케줄\SHKWA25019109 BL.pdf
CI,DIGITAL,1,1373,1373.0,SHKWA25019109 CI.pdf,2025년 모듈 발주\징코모듈\9월 징코모듈 선적서류\RE_ 진코솔라 9월 선적스케줄\SHKWA25019109 CI.pdf
HBL,DIGITAL,2,2424,1212.0,SHKWA25019109 HBL.pdf,2025년 모듈 발주\징코모듈\9월 징코모듈 선적서류\RE_ 진코솔라 9월 선적스케줄\SHKWA25019109 HBL.pdf
PL,DIGITAL,1,637,637.0,SHKWA25019109 PL.pdf,2025년 모듈 발주\징코모듈\9월 징코모듈 선적서류\RE_ 진코솔라 9월 선적스케줄\SHKWA25019109 PL.pdf
CI,DIGITAL,1,1348,1348.0,SHKWA25019765 CI.pdf,2025년 모듈 발주\징코모듈\9월 징코모듈 선적서류\RE_ 진코솔라 9월 선적스케줄 (마지막 선적)\SHKWA25019765 CI.pdf
OBL,SCAN,2,0,0.0,SHKWA25019765 OBL.pdf,2025년 모듈 발주\징코모듈\9월 징코모듈 선적서류\RE_ 진코솔라 9월 선적스케줄 (마지막 선적)\SHKWA25019765 OBL.pdf
PL,DIGITAL,1,679,679.0,SHKWA25019765 PL.pdf,2025년 모듈 발주\징코모듈\9월 징코모듈 선적서류\RE_ 진코솔라 9월 선적스케줄 (마지막 선적)\SHKWA25019765 PL.pdf
CI,DIGITAL,1,1349,1349.0,SHKWA25019767 CI.pdf,2025년 모듈 발주\징코모듈\9월 징코모듈 선적서류\RE_ 진코솔라 9월 선적스케줄 (마지막 선적)\SHKWA25019767 CI.pdf
OBL,SCAN,2,0,0.0,SHKWA25019767 OBL.pdf,2025년 모듈 발주\징코모듈\9월 징코모듈 선적서류\RE_ 진코솔라 9월 선적스케줄 (마지막 선적)\SHKWA25019767 OBL.pdf
PL,DIGITAL,1,675,675.0,SHKWA25019767 PL.pdf,2025년 모듈 발주\징코모듈\9월 징코모듈 선적서류\RE_ 진코솔라 9월 선적스케줄 (마지막 선적)\SHKWA25019767 PL.pdf
CI,DIGITAL,1,1377,1377.0,SHKWA25019768 CI.pdf,2025년 모듈 발주\징코모듈\9월 징코모듈 선적서류\RE_ 진코솔라 9월 선적스케줄 (마지막 선적)\하나은행\SHKWA25019768 CI.pdf
OBL,SCAN,2,0,0.0,SHKWA25019768 OBL.pdf,2025년 모듈 발주\징코모듈\9월 징코모듈 선적서류\RE_ 진코솔라 9월 선적스케줄 (마지막 선적)\하나은행\SHKWA25019768 OBL.pdf
PL,DIGITAL,1,662,662.0,SHKWA25019768 PL.pdf,2025년 모듈 발주\징코모듈\9월 징코모듈 선적서류\RE_ 진코솔라 9월 선적스케줄 (마지막 선적)\하나은행\SHKWA25019768 PL.pdf
CI,DIGITAL,1,1356,1356.0,SHPUS25011179 CI.pdf,"2025년 모듈 발주\징코모듈\탑솔라\170MW 계약 진행건 - 완료\170MW - 4차 개설 37MW(2025.04.07)\징코 10.97MW  (17,280pcs)  2025.06.08선적 SHPUS25011179\SHPU25011179   17280pcs\SHPUS25011179 CI.pdf"
OBL,SCAN,5,0,0.0,SHPUS25011179 OBL.pdf,"2025년 모듈 발주\징코모듈\탑솔라\170MW 계약 진행건 - 완료\170MW - 4차 개설 37MW(2025.04.07)\징코 10.97MW  (17,280pcs)  2025.06.08선적 SHPUS25011179\SHPU25011179   17280pcs\SHPUS25011179 OBL.pdf"
PL,DIGITAL,1,643,643.0,SHPUS25011179 PL.pdf,"2025년 모듈 발주\징코모듈\탑솔라\170MW 계약 진행건 - 완료\170MW - 4차 개설 37MW(2025.04.07)\징코 10.97MW  (17,280pcs)  2025.06.08선적 SHPUS25011179\SHPU25011179   17280pcs\SHPUS25011179 PL.pdf"
BL,SCAN,2,0,0.0,提单_北亚区_出口_TMNBKPTR9924001_20251217 JWSH25120029.pdf,2025년 모듈 발주\징코모듈\탑솔라\400MW 계약서 - 350MW 변경\징코-탑솔라 15732pcs-JWSH25120029\提单_北亚区_出口_TMNBKPTR9924001_20251217 JWSH25120029.pdf
BL,SCAN,3,39,13.0,TED-2507-09808-01-12-EASPH2539SK6006_BL (스캔본).PDF,"2025년 모듈 발주\트리나\1차 PI 50MW\트리나 1차물량 선적-하나은행 개설\TOPSOLAR 2507-TSI-09808 (1차 물량)\TOPSOLAR 2507-TSI-09808-00 (1-1) 700W 7,128pcs\TED-2507-09808-01-12-EASPH2539SK6006_BL (스캔본).PDF"
BL,SCAN,2,0,0.0,TED-2507-09808-01-12-EASPH2539SK6006_BL.pdf,"2025년 모듈 발주\트리나\1차 PI 50MW\트리나 1차물량 선적-하나은행 개설\TOPSOLAR 2507-TSI-09808 (1차 물량)\TOPSOLAR 2507-TSI-09808-00 (1-1) 700W 7,128pcs\TED-2507-09808-01-12-EASPH2539SK6006_BL.pdf"
PL,SCAN,2,0,0.0,TED-2507-09808-01-12-CIPL.pdf,"2025년 모듈 발주\트리나\1차 PI 50MW\트리나 1차물량 선적-하나은행 개설\TOPSOLAR 2507-TSI-09808 (1차 물량)\TOPSOLAR 2507-TSI-09808-00 (1-1) 700W 7,128pcs\TED-2507-09808-01-12-CIPL.pdf"
CI,DIGITAL,1,858,858.0,Commercial Invoice (to Top Solar)_2025 06 30.pdf,2025년 모듈 발주\JA솔라 모듈\KNK\70MW 발주\9MW 선적진행\1차선적 635WP 6293pcs(2025.06.29)\Commercial Invoice (to Top Solar)_2025 06 30.pdf
PL,DIGITAL,1,661,661.0,Packing List (to Top Solar)_2025 06 30_v2.pdf,2025년 모듈 발주\JA솔라 모듈\KNK\70MW 발주\9MW 선적진행\1차선적 635WP 6293pcs(2025.06.29)\Packing List (to Top Solar)_2025 06 30_v2.pdf
PL,DIGITAL,1,661,661.0,Packing_list_(KNK~TOP_SOLAR)_KNKE20250724_(5MW).pdf,2025년 모듈 발주\JA솔라 모듈\KNK\70MW 발주\JA솔라(PCCLBL001250720)\Packing_list_(KNK~TOP_SOLAR)_KNKE20250724_(5MW).pdf
BL,SCAN,1,0,0.0,"BL_10,368pcs.pdf","2026년 모듈 발주\징코솔라\선적서류\RE_ 8000363763,DJSCNGB260008239_ KD2602040181,QTY_17000 PCS, 22회차 10368pcs\BL_10,368pcs.pdf"
BL,SCAN,1,0,0.0,"BL_13,824pcs.pdf","2026년 모듈 발주\징코솔라\선적서류\RE_ 8000363763,DJSCNGB260008239_ KD2602040181,QTY_17000 PCS,  21회차 13824pcs\BL_13,824pcs.pdf"
BL,SCAN,1,0,0.0,"BL_9,216pcs.pdf","2026년 모듈 발주\징코솔라\선적서류\RE_ 8000363763,DJSCNGB260008239_ KD2602040181,QTY_18회차 9216pcs\BL_9,216pcs.pdf"
BL,SCAN,1,0,0.0,"BL_9,485pcs.pdf","2026년 모듈 발주\징코솔라\선적서류\RE_ 8000363763,DJSCNGB260008239_ KD2602040181,QTY_19회차 9485pcs\BL_9,485pcs.pdf"
CI,DIGITAL,1,1315,1315.0,"CI_10,368pcs.pdf","2026년 모듈 발주\징코솔라\선적서류\RE_ 8000363763,DJSCNGB260008239_ KD2602040181,QTY_17000 PCS, 22회차 10368pcs\CI_10,368pcs.pdf"
CI,DIGITAL,1,1315,1315.0,"CI_13,824pcs.pdf","2026년 모듈 발주\징코솔라\선적서류\RE_ 8000363763,DJSCNGB260008239_ KD2602040181,QTY_17000 PCS,  21회차 13824pcs\CI_13,824pcs.pdf"
CI,DIGITAL,1,1315,1315.0,"CI_13,824pcs.pdf","2026년 모듈 발주\징코솔라\선적서류\RE_ 8000363763,DJSCNGB260008239_ KD2602040181,QTY_17000 PCS, 22회차 10368pcs\RE_ 8000363763,DJSCNGB260008239_ KD2602040181,QTY_17000 PCS,3\CI_13,824pcs.pdf"
CI,DIGITAL,1,1329,1329.0,"CI_15,552pcs.pdf","2026년 모듈 발주\징코솔라\선적서류\RE_ 8000363763,DJSCNGB260008239_ KD2602040181,QTY_17000 PCS,20회차 15552pcs\CI_15,552pcs.pdf"
CI,DIGITAL,1,1332,1332.0,"CI_9,216pcs.pdf","2026년 모듈 발주\징코솔라\선적서류\RE_ 8000363763,DJSCNGB260008239_ KD2602040181,QTY_18회차 9216pcs\CI_9,216pcs.pdf"
CI,DIGITAL,1,1333,1333.0,"CI_9,485pcs.pdf","2026년 모듈 발주\징코솔라\선적서류\RE_ 8000363763,DJSCNGB260008239_ KD2602040181,QTY_19회차 9485pcs\CI_9,485pcs.pdf"
PL,DIGITAL,1,671,671.0,"PL_10,368pcs.pdf","2026년 모듈 발주\징코솔라\선적서류\RE_ 8000363763,DJSCNGB260008239_ KD2602040181,QTY_17000 PCS, 22회차 10368pcs\PL_10,368pcs.pdf"
PL,DIGITAL,1,671,671.0,"PL_13,824pcs.pdf","2026년 모듈 발주\징코솔라\선적서류\RE_ 8000363763,DJSCNGB260008239_ KD2602040181,QTY_17000 PCS,  21회차 13824pcs\PL_13,824pcs.pdf"
PL,DIGITAL,1,671,671.0,"PL_13,824pcs.pdf","2026년 모듈 발주\징코솔라\선적서류\RE_ 8000363763,DJSCNGB260008239_ KD2602040181,QTY_17000 PCS, 22회차 10368pcs\RE_ 8000363763,DJSCNGB260008239_ KD2602040181,QTY_17000 PCS,3\PL_13,824pcs.pdf"
PL,DIGITAL,1,671,671.0,"PL_15,552pcs.pdf","2026년 모듈 발주\징코솔라\선적서류\RE_ 8000363763,DJSCNGB260008239_ KD2602040181,QTY_17000 PCS,20회차 15552pcs\PL_15,552pcs.pdf"
PL,DIGITAL,1,666,666.0,"PL_9,216pcs.pdf","2026년 모듈 발주\징코솔라\선적서류\RE_ 8000363763,DJSCNGB260008239_ KD2602040181,QTY_18회차 9216pcs\PL_9,216pcs.pdf"
PL,DIGITAL,1,669,669.0,"PL_9,485pcs.pdf","2026년 모듈 발주\징코솔라\선적서류\RE_ 8000363763,DJSCNGB260008239_ KD2602040181,QTY_19회차 9485pcs\PL_9,485pcs.pdf"
BL,SCAN,1,0,0.0,"BL_17,280pcs_KD2602040182.pdf","2026년 모듈 발주\징코솔라\선적서류\RE_ [TOPSOLAR] MCKRJH25Q301_4 16차 자료\BL_17,280pcs_KD2602040182.pdf"
CI,DIGITAL,1,1349,1349.0,"CI_17,280pcs_KD2602040182.pdf","2026년 모듈 발주\징코솔라\선적서류\RE_ [TOPSOLAR] MCKRJH25Q301_4 16차 자료\CI_17,280pcs_KD2602040182.pdf"
PL,DIGITAL,1,667,667.0,"PL_17,280pcs_KD2602040182.pdf","2026년 모듈 발주\징코솔라\선적서류\RE_ [TOPSOLAR] MCKRJH25Q301_4 16차 자료\PL_17,280pcs_KD2602040182.pdf"
BL,SCAN,1,0,0.0,"BL_17,280pcs_KD2602040583.pdf","2026년 모듈 발주\징코솔라\선적서류\RE_ [TOPSOLAR] MCKRJH25Q301_4 14차 자료\BL_17,280pcs_KD2602040583.pdf"
CI,DIGITAL,1,1374,1374.0,"CI_17,280pcs_KD2602040583.pdf","2026년 모듈 발주\징코솔라\선적서류\RE_ [TOPSOLAR] MCKRJH25Q301_4 14차 자료\CI_17,280pcs_KD2602040583.pdf"
PL,DIGITAL,1,670,670.0,"PL_17,280pcs_KD2602040583.pdf","2026년 모듈 발주\징코솔라\선적서류\RE_ [TOPSOLAR] MCKRJH25Q301_4 14차 자료\PL_17,280pcs_KD2602040583.pdf"
BL,SCAN,1,0,0.0,"BL_17,280pcs_KD2602050010.pdf","2026년 모듈 발주\징코솔라\선적서류\RE_ [TOPSOLAR] MCKRJH25Q301_4 13차 자료\BL_17,280pcs_KD2602050010.pdf"
CI,DIGITAL,1,1358,1358.0,"CI_17,280pcs_KD2602050010.pdf","2026년 모듈 발주\징코솔라\선적서류\RE_ [TOPSOLAR] MCKRJH25Q301_4 13차 자료\CI_17,280pcs_KD2602050010.pdf"
PL,DIGITAL,1,667,667.0,"PL_17,280pcs_KD2602050010.pdf","2026년 모듈 발주\징코솔라\선적서류\RE_ [TOPSOLAR] MCKRJH25Q301_4 13차 자료\PL_17,280pcs_KD2602050010.pdf"
BL,SCAN,1,0,0.0,"BL_1,656pcs_KD2602050118.pdf","2026년 모듈 발주\징코솔라\선적서류\RE_ [TOPSOLAR] MCKRJH25Q301_4 12차 자료\BL_1,656pcs_KD2602050118.pdf"
CI,DIGITAL,1,1354,1354.0,"CI_1,656pcs_KD2602050118.pdf","2026년 모듈 발주\징코솔라\선적서류\RE_ [TOPSOLAR] MCKRJH25Q301_4 12차 자료\CI_1,656pcs_KD2602050118.pdf"
PL,DIGITAL,1,659,659.0,"PL_1,656pcs_KD2602050118.pdf","2026년 모듈 발주\징코솔라\선적서류\RE_ [TOPSOLAR] MCKRJH25Q301_4 12차 자료\PL_1,656pcs_KD2602050118.pdf"
BL,SCAN,1,0,0.0,"BL_17,280PCS_KD2602050263.pdf","2026년 모듈 발주\징코솔라\선적서류\RE_ [TOPSOLAR] MCKRJH25Q301_4 10차 자료\BL_17,280PCS_KD2602050263.pdf"
CI,DIGITAL,1,1311,1311.0,"CI_17,280PCS_KD2602050263.pdf","2026년 모듈 발주\징코솔라\선적서류\RE_ [TOPSOLAR] MCKRJH25Q301_4 10차 자료\CI_17,280PCS_KD2602050263.pdf"
PL,DIGITAL,1,667,667.0,"PL_17,280PCS_KD2602050263.pdf","2026년 모듈 발주\징코솔라\선적서류\RE_ [TOPSOLAR] MCKRJH25Q301_4 10차 자료\PL_17,280PCS_KD2602050263.pdf"
BL,SCAN,1,0,0.0,"BL_17,280pcs_KD2602050264.pdf","2026년 모듈 발주\징코솔라\선적서류\RE_ [TOPSOLAR] MCKRJH25Q301_4 11차 자료\BL_17,280pcs_KD2602050264.pdf"
CI,DIGITAL,1,1316,1316.0,"CI_17,280pcs_KD2602050264.pdf","2026년 모듈 발주\징코솔라\선적서류\RE_ [TOPSOLAR] MCKRJH25Q301_4 11차 자료\CI_17,280pcs_KD2602050264.pdf"
PL,DIGITAL,1,667,667.0,"PL_17,280pcs_KD2602050264.pdf","2026년 모듈 발주\징코솔라\선적서류\RE_ [TOPSOLAR] MCKRJH25Q301_4 11차 자료\PL_17,280pcs_KD2602050264.pdf"
BL,SCAN,1,0,0.0,"BL_8,576pcs_KD2602050284.pdf","2026년 모듈 발주\징코솔라\선적서류\RE_ [TOPSOLAR] MCKRJH25Q301_4 17차 자료\BL_8,576pcs_KD2602050284.pdf"
CI,DIGITAL,1,1498,1498.0,"CI_8,576pcs_KD2602050284.pdf","2026년 모듈 발주\징코솔라\선적서류\RE_ [TOPSOLAR] MCKRJH25Q301_4 17차 자료\CI_8,576pcs_KD2602050284.pdf"
PL,DIGITAL,1,750,750.0,"PL_8,576pcs_KD2602050284.pdf","2026년 모듈 발주\징코솔라\선적서류\RE_ [TOPSOLAR] MCKRJH25Q301_4 17차 자료\PL_8,576pcs_KD2602050284.pdf"
BL,SCAN,1,0,0.0,BL Copy_EASEK2606SK0001.pdf,"2026년 모듈 발주\트리나솔라\720WP 30MW\선적서류\TOPSOLAR 2601-TSI-00499-01 (1차, 15.4MW)\BL Copy_EASEK2606SK0001.pdf"
PL,SCAN,2,0,0.0,TED-2601-00499-00-36-CIPL.pdf,"2026년 모듈 발주\트리나솔라\720WP 30MW\선적서류\TOPSOLAR 2601-TSI-00499-01 (1차, 15.4MW)\TED-2601-00499-00-36-CIPL.pdf"
PL,DIGITAL,1,1067,1067.0,TED-2601-00499-00-36LC_CI&PL-통관용.pdf,"2026년 모듈 발주\트리나솔라\720WP 30MW\선적서류\TOPSOLAR 2601-TSI-00499-01 (1차, 15.4MW)\TED-2601-00499-00-36LC_CI&PL-통관용.pdf"
