year,vendor,prefix,file_type,filename,size_bytes,rel_path
2024,론지모듈,DL2025032400235,HBL,DL2025032400235 HBL SCANNING.pdf,860874,"2024년 모듈발주\론지모듈\론지모듈 615WP 무탄소 3MW, 탄소 2.4MW (2025.03.20)\DL2025032400235 HBL SCANNING.pdf"
2024,론지모듈,LS2410937742,PL,LS2410937742 DL2024101600354CI&PL.pdf,595825,2024년 모듈발주\론지모듈\론지모듈 580WP 200pcs 2024.10.15\LS2410937742 DL2024101600354CI&PL.pdf
2024,론지모듈,LS2503994178,PL,LS2503994178&79 CI&PL.pdf,61980,"2024년 모듈발주\론지모듈\론지모듈 615WP 무탄소 3MW, 탄소 2.4MW (2025.03.20)\LS2503994178&79 CI&PL.pdf"
2024,론지모듈,LS2504998845,BL,LS2504998845_BL.pdf,792090,2024년 모듈발주\론지모듈\론지모듈 615WP 4877pcs 3MW 2025.04.02\LS2504998845_BL.pdf
2024,론지모듈,LS2504998845,PL,LS2504998845 CI&PL.pdf,56768,2024년 모듈발주\론지모듈\론지모듈 615WP 4877pcs 3MW 2025.04.02\LS2504998845 CI&PL.pdf
2024,론지모듈,NPSELHT245133,BL,BL No.NPSELHT245133 계산서.pdf,17123,2024년 모듈발주\론지모듈\선적서류 NPSELHT245133\BL No.NPSELHT245133 계산서.pdf
2024,운송료,ZHC2404001,BL,BL No ZHC2404001(세금계산서).pdf,16895,2024년 모듈발주\운송료\ZHC2404001\BL No ZHC2404001(세금계산서).pdf
2024,운송료,ZHC2404001,BL,BL NoZHC2404001 통관수수료.pdf,16134,2024년 모듈발주\운송료\ZHC2404001\BL NoZHC2404001 통관수수료.pdf
2024,징코모듈,1차 광양 (no-id),CI,1 CI_Z20240306206-1.pdf,65883,2024년 모듈발주\징코모듈\100MW 중 625W 10MW 선적\징코 5MW선적\1차 광양\1 CI_Z20240306206-1.pdf
2024,징코모듈,1차 광양 (no-id),OBL,4 OBL 24030082.pdf,740868,2024년 모듈발주\징코모듈\100MW 중 625W 10MW 선적\징코 5MW선적\1차 광양\4 OBL 24030082.pdf
2024,징코모듈,1차 광양 (no-id),PL,2 PL_Z20240306206-1.pdf,89802,2024년 모듈발주\징코모듈\100MW 중 625W 10MW 선적\징코 5MW선적\1차 광양\2 PL_Z20240306206-1.pdf
2024,징코모듈,1차선적 5580pcs(3.5MW) 10.25선적 (no-id),CI,1. 8000016155-Z20241014208-CI.pdf,78343,2024년 모듈발주\징코모듈\발주서(200MW 3개사)\징코 200MW 진행의 건\탑솔라  125MW\징코모듈 630WP  40MW 선적 2024.09.27개설\1차선적 5580pcs(3.5MW) 10.25선적\1. 8000016155-Z20241014208-CI.pdf
2024,징코모듈,1차선적 5580pcs(3.5MW) 10.25선적 (no-id),PL,2. 8000016155-Z20241014208-PL.pdf,70350,2024년 모듈발주\징코모듈\발주서(200MW 3개사)\징코 200MW 진행의 건\탑솔라  125MW\징코모듈 630WP  40MW 선적 2024.09.27개설\1차선적 5580pcs(3.5MW) 10.25선적\2. 8000016155-Z20241014208-PL.pdf
2024,징코모듈,2차 부산 (no-id),CI,1.CI_Z20240306203-1(UPDATE3.6).pdf,65662,2024년 모듈발주\징코모듈\100MW 중 625W 10MW 선적\징코 5MW선적\2차 부산\1.CI_Z20240306203-1(UPDATE3.6).pdf
2024,징코모듈,2차 부산 (no-id),OBL,24030083 OBL.pdf,747011,2024년 모듈발주\징코모듈\100MW 중 625W 10MW 선적\징코 5MW선적\2차 부산\24030083 OBL.pdf
2024,징코모듈,2차 부산 (no-id),PL,2 PL_Z20240306203-1(UPDATE3.6).pdf,89673,2024년 모듈발주\징코모듈\100MW 중 625W 10MW 선적\징코 5MW선적\2차 부산\2 PL_Z20240306203-1(UPDATE3.6).pdf
2024,징코모듈,2차 징코 630WP 9216pcs (no-id),CI,1.8000012868-CUSTOMS-Z20241012070-2-CI.pdf,82211,2024년 모듈발주\징코모듈\발주서(200MW 3개사)\징코 200MW 진행의 건\탑솔라  125MW\징코모듈 630WP  40MW 선적 2024.09.27개설\2차 징코 630WP 9216pcs\1.8000012868-CUSTOMS-Z20241012070-2-CI.pdf
2024,징코모듈,2차 징코 630WP 9216pcs (no-id),PL,2.8000012868-CUSTOMS-Z20241012070-2-PL(update).pdf,72340,2024년 모듈발주\징코모듈\발주서(200MW 3개사)\징코 200MW 진행의 건\탑솔라  125MW\징코모듈 630WP  40MW 선적 2024.09.27개설\2차 징코 630WP 9216pcs\2.8000012868-CUSTOMS-Z20241012070-2-PL(update).pdf
2024,징코모듈,3차징코 630WP 12672pcs (no-id),CI,1.8000012866-Z20241012068-2-CI.pdf,81828,2024년 모듈발주\징코모듈\발주서(200MW 3개사)\징코 200MW 진행의 건\탑솔라  125MW\징코모듈 630WP  40MW 선적 2024.09.27개설\3차징코 630WP 12672pcs\1.8000012866-Z20241012068-2-CI.pdf
2024,징코모듈,3차징코 630WP 12672pcs (no-id),PL,2.8000012866-Z20241012068-2-PL.pdf,72316,2024년 모듈발주\징코모듈\발주서(200MW 3개사)\징코 200MW 진행의 건\탑솔라  125MW\징코모듈 630WP  40MW 선적 2024.09.27개설\3차징코 630WP 12672pcs\2.8000012866-Z20241012068-2-PL.pdf
2024,징코모듈,630WP 5MW 진행 7920pcs (no-id),CI,CI-Z20240910262.PDF,30337,2024년 모듈발주\징코모듈\발주서(200MW 3개사)\징코 200MW 진행의 건\디원 25MW\630WP 5MW 진행 7920pcs\CI-Z20240910262.PDF
2024,징코모듈,630WP 5MW 진행 7920pcs (no-id),PL,PL-Z20240910262(1).PDF,26703,2024년 모듈발주\징코모듈\발주서(200MW 3개사)\징코 200MW 진행의 건\디원 25MW\630WP 5MW 진행 7920pcs\PL-Z20240910262(1).PDF
2024,징코모듈,디원 - 징코 635WP 5MW (no-id),CI,2 CI_Z20240923125-1 2000166667.pdf,59320,2024년 모듈발주\징코모듈\발주서(200MW 3개사)\징코 200MW 진행의 건\디원 25MW\635WP 7920(5MW)09.19\디원 - 징코 635WP 5MW\2 CI_Z20240923125-1 2000166667.pdf
2024,징코모듈,디원 - 징코 635WP 5MW (no-id),OBL,1 OBL EASEK2439NB232_BL.pdf,92648,2024년 모듈발주\징코모듈\발주서(200MW 3개사)\징코 200MW 진행의 건\디원 25MW\635WP 7920(5MW)09.19\디원 - 징코 635WP 5MW\1 OBL EASEK2439NB232_BL.pdf
2024,징코모듈,디원 - 징코 635WP 5MW (no-id),PL,3 PL_Z20240923125-1 2000166667.pdf,76868,2024년 모듈발주\징코모듈\발주서(200MW 3개사)\징코 200MW 진행의 건\디원 25MW\635WP 7920(5MW)09.19\디원 - 징코 635WP 5MW\3 PL_Z20240923125-1 2000166667.pdf
2024,징코모듈,디원 징코 (no-id),CI,CI_Z20240812178-1.pdf,59325,2024년 모듈발주\징코모듈\발주서(200MW 3개사)\징코 200MW 진행의 건\디원 25MW\디원 징코\CI_Z20240812178-1.pdf
2024,징코모듈,디원 징코 (no-id),PL,PL_Z20240812178-1.pdf,76814,2024년 모듈발주\징코모듈\발주서(200MW 3개사)\징코 200MW 진행의 건\디원 25MW\디원 징코\PL_Z20240812178-1.pdf
2024,징코모듈,부산 9.8MW (no-id),CI,1.CI_Z20240914116-1 2000164818.pdf,60450,2024년 모듈발주\징코모듈\발주서(200MW 3개사)\징코 200MW 진행의 건\탑솔라  125MW\징코모듈 630WP  25MW 선적  2024.09.13 개설\부산 9.8MW\1.CI_Z20240914116-1 2000164818.pdf
2024,징코모듈,부산 9.8MW (no-id),CI,1.CI_Z20240914116-1 2000164818.pdf,60450,2024년 모듈발주\징코모듈\발주서(200MW 3개사)\징코 200MW 진행의 건\탑솔라  125MW\탑솔라 징코 25MW  2024.07. 분할개설\부산 9.8MW\1.CI_Z20240914116-1 2000164818.pdf
2024,징코모듈,부산 9.8MW (no-id),PL,2.PL_Z20240914116-1 2000164818.pdf,76867,2024년 모듈발주\징코모듈\발주서(200MW 3개사)\징코 200MW 진행의 건\탑솔라  125MW\징코모듈 630WP  25MW 선적  2024.09.13 개설\부산 9.8MW\2.PL_Z20240914116-1 2000164818.pdf
2024,징코모듈,부산 9.8MW (no-id),PL,2.PL_Z20240914116-1 2000164818.pdf,76867,2024년 모듈발주\징코모듈\발주서(200MW 3개사)\징코 200MW 진행의 건\탑솔라  125MW\탑솔라 징코 25MW  2024.07. 분할개설\부산 9.8MW\2.PL_Z20240914116-1 2000164818.pdf
2024,징코모듈,선적서류 (no-id),CI,CI 1차 5MW.PDF,48903,2024년 모듈발주\징코모듈\100MW 중 625W 5MW 선적\선적서류\CI 1차 5MW.PDF
2024,징코모듈,선적서류 (no-id),CI,CI_Z20240729119-1.pdf,59314,"2024년 모듈발주\징코모듈\발주서(200MW 3개사)\징코 200MW 진행의 건\디원 25MW\10MW 선적진행(630WP 15,879pcs)  7.25개설\선적 서류  Draft\선적서류\CI_Z20240729119-1.pdf"
2024,징코모듈,선적서류 (no-id),PL,PL 1차 5MW.PDF,26803,2024년 모듈발주\징코모듈\100MW 중 625W 5MW 선적\선적서류\PL 1차 5MW.PDF
2024,징코모듈,선적서류 (no-id),PL,PL_Z20240729119-1.pdf,76809,"2024년 모듈발주\징코모듈\발주서(200MW 3개사)\징코 200MW 진행의 건\디원 25MW\10MW 선적진행(630WP 15,879pcs)  7.25개설\선적 서류  Draft\선적서류\PL_Z20240729119-1.pdf"
2024,징코모듈,징코 5MW 7992장 (no-id),CI,CI_Z20240222247-1.pdf,52748,2024년 모듈발주\징코모듈\100MW 중 625W 5MW 선적\선적서류\징코 5MW 7992장\CI_Z20240222247-1.pdf
2024,징코모듈,징코 5MW 7992장 (no-id),PL,Packing List_탑솔라.pdf,240008,2024년 모듈발주\징코모듈\100MW 중 625W 5MW 선적\선적서류\징코 5MW 7992장\Packing List_탑솔라.pdf
2024,징코모듈,징코 5MW 7992장 (no-id),PL,PL_Z20240222247-1.pdf,77341,2024년 모듈발주\징코모듈\100MW 중 625W 5MW 선적\선적서류\징코 5MW 7992장\PL_Z20240222247-1.pdf
2024,징코모듈,징코모듈 635WP  45MW 가운데 15MW 개설 23616pcs( 하나2025.02.10) (no-id),CI,CI 635W 11520pcs SNKO03K250201369.pdf,327490,2024년 모듈발주\징코모듈\발주서(200MW 3개사)\징코 200MW 진행의 건\탑솔라  125MW\징코모듈 635WP  45MW 가운데 15MW 개설 23616pcs( 하나2025.02.10)\CI 635W 11520pcs SNKO03K250201369.pdf
2024,징코모듈,징코모듈 635WP  45MW 가운데 15MW 개설 23616pcs( 하나2025.02.10) (no-id),CI,CI 635W 12096pcs SNKO03K250200547.pdf,327493,2024년 모듈발주\징코모듈\발주서(200MW 3개사)\징코 200MW 진행의 건\탑솔라  125MW\징코모듈 635WP  45MW 가운데 15MW 개설 23616pcs( 하나2025.02.10)\CI 635W 12096pcs SNKO03K250200547.pdf
2024,징코모듈,징코모듈 635WP  45MW 가운데 15MW 개설 23616pcs( 하나2025.02.10) (no-id),OBL,OBL 635W 11520pcs SNKO03K250200546.pdf,790153,2024년 모듈발주\징코모듈\발주서(200MW 3개사)\징코 200MW 진행의 건\탑솔라  125MW\징코모듈 635WP  45MW 가운데 15MW 개설 23616pcs( 하나2025.02.10)\OBL 635W 11520pcs SNKO03K250200546.pdf
2024,징코모듈,징코모듈 635WP  45MW 가운데 15MW 개설 23616pcs( 하나2025.02.10) (no-id),OBL,OBL 635W 12096pcs SNKO03K250200547.pdf,802857,2024년 모듈발주\징코모듈\발주서(200MW 3개사)\징코 200MW 진행의 건\탑솔라  125MW\징코모듈 635WP  45MW 가운데 15MW 개설 23616pcs( 하나2025.02.10)\OBL 635W 12096pcs SNKO03K250200547.pdf
2024,징코모듈,징코모듈 635WP  45MW 가운데 15MW 개설 23616pcs( 하나2025.02.10) (no-id),PL,PL 635W 11520pcs SNKO03K250201369.pdf,312449,2024년 모듈발주\징코모듈\발주서(200MW 3개사)\징코 200MW 진행의 건\탑솔라  125MW\징코모듈 635WP  45MW 가운데 15MW 개설 23616pcs( 하나2025.02.10)\PL 635W 11520pcs SNKO03K250201369.pdf
2024,징코모듈,징코모듈 635WP  45MW 가운데 15MW 개설 23616pcs( 하나2025.02.10) (no-id),PL,PL 635W 12096pcs SNKO03K250200547.pdf,312449,2024년 모듈발주\징코모듈\발주서(200MW 3개사)\징코 200MW 진행의 건\탑솔라  125MW\징코모듈 635WP  45MW 가운데 15MW 개설 23616pcs( 하나2025.02.10)\PL 635W 12096pcs SNKO03K250200547.pdf
2024,징코모듈,징코선적 15MW 3.13출항 (no-id),BL,SNKO03K250201370_BL COPY.pdf,812985,2024년 모듈발주\징코모듈\발주서(200MW 3개사)\징코 200MW 진행의 건\탑솔라  125MW\징코모듈 635WP  45MW 가운데 30MW(2025.02.19)\징코선적 15MW 3.13출항\SNKO03K250201370_BL COPY.pdf
2024,징코모듈,징코선적 15MW 3.13출항 (no-id),BL,SNKO03K250201370_BL DRAFT.pdf,114229,2024년 모듈발주\징코모듈\발주서(200MW 3개사)\징코 200MW 진행의 건\탑솔라  125MW\징코모듈 635WP  45MW 가운데 30MW(2025.02.19)\징코선적 15MW 3.13출항\SNKO03K250201370_BL DRAFT.pdf
2024,징코모듈,징코선적 15MW 3.13출항 (no-id),BL,SNKO03K250201371_BL COPY.pdf,823481,2024년 모듈발주\징코모듈\발주서(200MW 3개사)\징코 200MW 진행의 건\탑솔라  125MW\징코모듈 635WP  45MW 가운데 30MW(2025.02.19)\징코선적 15MW 3.13출항\SNKO03K250201371_BL COPY.pdf
2024,징코모듈,징코선적 15MW 3.13출항 (no-id),BL,SNKO03K250201371_BL DRAFT.pdf,114264,2024년 모듈발주\징코모듈\발주서(200MW 3개사)\징코 200MW 진행의 건\탑솔라  125MW\징코모듈 635WP  45MW 가운데 30MW(2025.02.19)\징코선적 15MW 3.13출항\SNKO03K250201371_BL DRAFT.pdf
2024,징코모듈,징코선적 15MW 3.13출항 (no-id),CI,CI 8000121182 SNKO03K250201370.pdf,136305,2024년 모듈발주\징코모듈\발주서(200MW 3개사)\징코 200MW 진행의 건\탑솔라  125MW\징코모듈 635WP  45MW 가운데 30MW(2025.02.19)\징코선적 15MW 3.13출항\CI 8000121182 SNKO03K250201370.pdf
2024,징코모듈,징코선적 15MW 3.13출항 (no-id),CI,CI 8000121183 SNKO03K250201371.pdf,136377,2024년 모듈발주\징코모듈\발주서(200MW 3개사)\징코 200MW 진행의 건\탑솔라  125MW\징코모듈 635WP  45MW 가운데 30MW(2025.02.19)\징코선적 15MW 3.13출항\CI 8000121183 SNKO03K250201371.pdf
2024,징코모듈,징코선적 15MW 3.13출항 (no-id),PL,PL 8000121182 SNKO03K250201370.pdf,312448,2024년 모듈발주\징코모듈\발주서(200MW 3개사)\징코 200MW 진행의 건\탑솔라  125MW\징코모듈 635WP  45MW 가운데 30MW(2025.02.19)\징코선적 15MW 3.13출항\PL 8000121182 SNKO03K250201370.pdf
2024,징코모듈,징코선적 15MW 3.13출항 (no-id),PL,PL 8000121183 SNKO03K250201371.pdf,312455,2024년 모듈발주\징코모듈\발주서(200MW 3개사)\징코 200MW 진행의 건\탑솔라  125MW\징코모듈 635WP  45MW 가운데 30MW(2025.02.19)\징코선적 15MW 3.13출항\PL 8000121183 SNKO03K250201371.pdf
2024,징코모듈,"평택 7.6MW 12,060pcs (no-id)",BL,3.BL copy BAL Specimen.PDF,362560,"2024년 모듈발주\징코모듈\발주서(200MW 3개사)\징코 200MW 진행의 건\탑솔라  125MW\징코모듈 630WP  25MW 선적  2024.09.13 개설\평택 7.6MW 12,060pcs\3.BL copy BAL Specimen.PDF"
2024,징코모듈,"평택 7.6MW 12,060pcs (no-id)",BL,3.BL copy BAL Specimen.PDF,362560,"2024년 모듈발주\징코모듈\발주서(200MW 3개사)\징코 200MW 진행의 건\탑솔라  125MW\탑솔라 징코 25MW  2024.07. 분할개설\평택 7.6MW 12,060pcs\3.BL copy BAL Specimen.PDF"
2024,징코모듈,"평택 7.6MW 12,060pcs (no-id)",CI,1.CI_Z20240914118-1 2000165004.pdf,60710,"2024년 모듈발주\징코모듈\발주서(200MW 3개사)\징코 200MW 진행의 건\탑솔라  125MW\징코모듈 630WP  25MW 선적  2024.09.13 개설\평택 7.6MW 12,060pcs\1.CI_Z20240914118-1 2000165004.pdf"
2024,징코모듈,"평택 7.6MW 12,060pcs (no-id)",CI,1.CI_Z20240914118-1 2000165004.pdf,60710,"2024년 모듈발주\징코모듈\발주서(200MW 3개사)\징코 200MW 진행의 건\탑솔라  125MW\탑솔라 징코 25MW  2024.07. 분할개설\평택 7.6MW 12,060pcs\1.CI_Z20240914118-1 2000165004.pdf"
2024,징코모듈,"평택 7.6MW 12,060pcs (no-id)",PL,2.PL_Z20240914118-1 2000165004.pdf,76877,"2024년 모듈발주\징코모듈\발주서(200MW 3개사)\징코 200MW 진행의 건\탑솔라  125MW\징코모듈 630WP  25MW 선적  2024.09.13 개설\평택 7.6MW 12,060pcs\2.PL_Z20240914118-1 2000165004.pdf"
2024,징코모듈,"평택 7.6MW 12,060pcs (no-id)",PL,2.PL_Z20240914118-1 2000165004.pdf,76877,"2024년 모듈발주\징코모듈\발주서(200MW 3개사)\징코 200MW 진행의 건\탑솔라  125MW\탑솔라 징코 25MW  2024.07. 분할개설\평택 7.6MW 12,060pcs\2.PL_Z20240914118-1 2000165004.pdf"
2024,징코모듈,"평택 7.6MW 12,096pcs (no-id)",BL,3.BL copy BAL Specimen.PDF,362588,"2024년 모듈발주\징코모듈\발주서(200MW 3개사)\징코 200MW 진행의 건\탑솔라  125MW\징코모듈 630WP  25MW 선적  2024.09.13 개설\평택 7.6MW 12,096pcs\3.BL copy BAL Specimen.PDF"
2024,징코모듈,"평택 7.6MW 12,096pcs (no-id)",BL,3.BL copy BAL Specimen.PDF,362588,"2024년 모듈발주\징코모듈\발주서(200MW 3개사)\징코 200MW 진행의 건\탑솔라  125MW\탑솔라 징코 25MW  2024.07. 분할개설\평택 7.6MW 12,096pcs\3.BL copy BAL Specimen.PDF"
2024,징코모듈,"평택 7.6MW 12,096pcs (no-id)",CI,1.CI_Z20240914117-1 2000165003.pdf,59646,"2024년 모듈발주\징코모듈\발주서(200MW 3개사)\징코 200MW 진행의 건\탑솔라  125MW\징코모듈 630WP  25MW 선적  2024.09.13 개설\평택 7.6MW 12,096pcs\1.CI_Z20240914117-1 2000165003.pdf"
2024,징코모듈,"평택 7.6MW 12,096pcs (no-id)",CI,1.CI_Z20240914117-1 2000165003.pdf,59646,"2024년 모듈발주\징코모듈\발주서(200MW 3개사)\징코 200MW 진행의 건\탑솔라  125MW\탑솔라 징코 25MW  2024.07. 분할개설\평택 7.6MW 12,096pcs\1.CI_Z20240914117-1 2000165003.pdf"
2024,징코모듈,"평택 7.6MW 12,096pcs (no-id)",PL,2.PL_Z20240914117-1 2000165003.pdf,76869,"2024년 모듈발주\징코모듈\발주서(200MW 3개사)\징코 200MW 진행의 건\탑솔라  125MW\징코모듈 630WP  25MW 선적  2024.09.13 개설\평택 7.6MW 12,096pcs\2.PL_Z20240914117-1 2000165003.pdf"
2024,징코모듈,"평택 7.6MW 12,096pcs (no-id)",PL,2.PL_Z20240914117-1 2000165003.pdf,76869,"2024년 모듈발주\징코모듈\발주서(200MW 3개사)\징코 200MW 진행의 건\탑솔라  125MW\탑솔라 징코 25MW  2024.07. 분할개설\평택 7.6MW 12,096pcs\2.PL_Z20240914117-1 2000165003.pdf"
2024,징코모듈,DL2024112000881,BL,DL2024112000881 BL (1).pdf,703123,2024년 모듈발주\징코모듈\선적서류\DL2024112000881 BL (1).pdf
2024,징코모듈,JWSH24020155,BL,BL - JWSH24020155.PDF,359653,2024년 모듈발주\징코모듈\100MW 중 625W 5MW 선적\선적서류\징코 5MW 7992장\BL - JWSH24020155.PDF
2024,징코모듈,JWSH24020155,BL,BL JWSH24020155 JWL2021-ORG stamped.pdf,747979,2024년 모듈발주\징코모듈\100MW 중 625W 5MW 선적\선적서류\징코 5MW 7992장\BL JWSH24020155 JWL2021-ORG stamped.pdf
2024,징코모듈,JWSH24020155,BL,BL JWSH24020155 JWL2021-ORG.pdf,730206,2024년 모듈발주\징코모듈\100MW 중 625W 5MW 선적\선적서류\징코 5MW 7992장\BL JWSH24020155 JWL2021-ORG.pdf
2024,징코모듈,JWSH24040006,BL,1 BL copy JWSH24040006 JWL2021-ORG.pdf,716606,2024년 모듈발주\징코모듈\100MW 중 625W 10MW 03.25 선적\Re_ [탑솔라(주)  기자재실] 10MW 선적서류(ETD2024.04.07)\1 BL copy JWSH24040006 JWL2021-ORG.pdf
2024,징코모듈,JWSH24040006,OBL,1 OBL JWSH24040006-OBL.pdf,819495,2024년 모듈발주\징코모듈\100MW 중 625W 10MW 03.25 선적\Re_ [탑솔라(주)  기자재실] 10MW 선적서류(ETD2024.04.07)\1 OBL JWSH24040006-OBL.pdf
2024,징코모듈,JWSH2408012,OBL,BL JWSH2408012 OBL.pdf,540545,2024년 모듈발주\징코모듈\발주서(200MW 3개사)\징코 200MW 진행의 건\디원 25MW\디원 징코\BL JWSH2408012 OBL.pdf
2024,징코모듈,JWSH24090056,OBL,JWSH24090056 OBL.pdf,750034,2024년 모듈발주\징코모듈\발주서(200MW 3개사)\징코 200MW 진행의 건\디원 25MW\630WP 5MW 진행 7920pcs\JWSH24090056 OBL.pdf
2024,징코모듈,JWSH24090078,OBL,3.OBL JWSH24090078.pdf,813474,2024년 모듈발주\징코모듈\발주서(200MW 3개사)\징코 200MW 진행의 건\탑솔라  125MW\징코모듈 630WP  25MW 선적  2024.09.13 개설\부산 9.8MW\3.OBL JWSH24090078.pdf
2024,징코모듈,JWSH24090078,OBL,3.OBL JWSH24090078.pdf,813474,2024년 모듈발주\징코모듈\발주서(200MW 3개사)\징코 200MW 진행의 건\탑솔라  125MW\탑솔라 징코 25MW  2024.07. 분할개설\부산 9.8MW\3.OBL JWSH24090078.pdf
2024,징코모듈,JWSH24100046,OBL,JWSH24100046 OBL.pdf,770072,2024년 모듈발주\징코모듈\발주서(200MW 3개사)\징코 200MW 진행의 건\탑솔라  125MW\징코모듈 630WP  40MW 선적 2024.09.27개설\3차징코 630WP 12672pcs\JWSH24100046 OBL.pdf
2024,징코모듈,JWSH24100047,OBL,JWSH24100047 OBL.pdf,740889,2024년 모듈발주\징코모듈\발주서(200MW 3개사)\징코 200MW 진행의 건\탑솔라  125MW\징코모듈 630WP  40MW 선적 2024.09.27개설\2차 징코 630WP 9216pcs\JWSH24100047 OBL.pdf
2024,징코모듈,JWSH24110001,OBL,JWSH24110001 OBL.pdf,767682,"2024년 모듈발주\징코모듈\발주서(200MW 3개사)\징코 200MW 진행의 건\탑솔라  125MW\징코모듈 630WP  40MW 선적 2024.09.27개설\6차 SNKO020241008028(11,520PCS)\JWSH24110001 OBL.pdf"
2024,징코모듈,JWSH24110002,OBL,JWSH24110002 OBL.pdf,761903,"2024년 모듈발주\징코모듈\발주서(200MW 3개사)\징코 200MW 진행의 건\탑솔라  125MW\징코모듈 630WP  40MW 선적 2024.09.27개설\5차 SNKO020241008037(11,520PCS)\JWSH24110002 OBL.pdf"
2024,징코모듈,JWSH24110003,OBL,JWSH24110003 OBL.pdf,777647,"2024년 모듈발주\징코모듈\발주서(200MW 3개사)\징코 200MW 진행의 건\탑솔라  125MW\징코모듈 630WP  40MW 선적 2024.09.27개설\4차 SNKO020241009053 (12,996PCS)\JWSH24110003 OBL.pdf"
2024,징코모듈,JWSH24110019,CI,JWSH24110019 CI.pdf,53480,2024년 모듈발주\징코모듈\발주서(200MW 3개사)\징코 200MW 진행의 건\탑솔라  125MW\JWSH24110019  14400pcs\JWSH24110019 CI.pdf
2024,징코모듈,JWSH24110019,CI,JWSH24110019-CI.pdf,53450,2024년 모듈발주\징코모듈\발주서(200MW 3개사)\징코 200MW 진행의 건\탑솔라  125MW\JWSH24110019  14400pcs\JWSH24110019-CI.pdf
2024,징코모듈,JWSH24110019,OBL,JWSH24110019 OBL.pdf,782463,2024년 모듈발주\징코모듈\발주서(200MW 3개사)\징코 200MW 진행의 건\탑솔라  125MW\JWSH24110019  14400pcs\JWSH24110019 OBL.pdf
2024,징코모듈,JWSH24110019,PL,JWSH24110019-PL.pdf,43881,2024년 모듈발주\징코모듈\발주서(200MW 3개사)\징코 200MW 진행의 건\탑솔라  125MW\JWSH24110019  14400pcs\JWSH24110019-PL.pdf
2024,징코모듈,JWSH24110020,CI,JWSH24110020 CI.pdf,55257,2024년 모듈발주\징코모듈\발주서(200MW 3개사)\징코 200MW 진행의 건\탑솔라  125MW\JWSH24110020  14400pcs\JWSH24110020 CI.pdf
2024,징코모듈,JWSH24110020,CI,JWSH24110020-CI.pdf,55255,2024년 모듈발주\징코모듈\발주서(200MW 3개사)\징코 200MW 진행의 건\탑솔라  125MW\JWSH24110020  14400pcs\JWSH24110020-CI.pdf
2024,징코모듈,JWSH24110020,OBL,JWSH24110020 OBL.pdf,789183,2024년 모듈발주\징코모듈\발주서(200MW 3개사)\징코 200MW 진행의 건\탑솔라  125MW\JWSH24110020  14400pcs\JWSH24110020 OBL.pdf
2024,징코모듈,JWSH24110020,PL,JWSH24110020-PL.pdf,45469,2024년 모듈발주\징코모듈\발주서(200MW 3개사)\징코 200MW 진행의 건\탑솔라  125MW\JWSH24110020  14400pcs\JWSH24110020-PL.pdf
2024,징코모듈,JWSH24110022,CI,JWSH24110022 CI.pdf,56189,2024년 모듈발주\징코모듈\발주서(200MW 3개사)\징코 200MW 진행의 건\탑솔라  125MW\JWSH24110022\JWSH24110022 CI.pdf
2024,징코모듈,JWSH24110022,CI,JWSH24110022-CI.pdf,56162,2024년 모듈발주\징코모듈\발주서(200MW 3개사)\징코 200MW 진행의 건\탑솔라  125MW\JWSH24110022\JWSH24110022-CI.pdf
2024,징코모듈,JWSH24110022,OBL,JWSH24110022 OBL.pdf,786004,2024년 모듈발주\징코모듈\발주서(200MW 3개사)\징코 200MW 진행의 건\탑솔라  125MW\JWSH24110022\JWSH24110022 OBL.pdf
2024,징코모듈,JWSH24110022,PL,JWSH24110022-PL.pdf,45936,2024년 모듈발주\징코모듈\발주서(200MW 3개사)\징코 200MW 진행의 건\탑솔라  125MW\JWSH24110022\JWSH24110022-PL.pdf
2024,징코모듈,JWSH24110023,CI,JWSH24110023 CI.pdf,54108,2024년 모듈발주\징코모듈\발주서(200MW 3개사)\징코 200MW 진행의 건\탑솔라  125MW\JWSH24110023\JWSH24110023 CI.pdf
2024,징코모듈,JWSH24110023,CI,JWSH24110023-CI.pdf,54085,2024년 모듈발주\징코모듈\발주서(200MW 3개사)\징코 200MW 진행의 건\탑솔라  125MW\JWSH24110023\JWSH24110023-CI.pdf
2024,징코모듈,JWSH24110023,OBL,JWSH24110023 OBL.pdf,794597,2024년 모듈발주\징코모듈\발주서(200MW 3개사)\징코 200MW 진행의 건\탑솔라  125MW\JWSH24110023\JWSH24110023 OBL.pdf
2024,징코모듈,JWSH24110023,PL,JWSH24110023-PL.pdf,44007,2024년 모듈발주\징코모듈\발주서(200MW 3개사)\징코 200MW 진행의 건\탑솔라  125MW\JWSH24110023\JWSH24110023-PL.pdf
2024,징코모듈,JWSH24110024,BL,JWSH24110024 JWL2021-COPY BL.pdf,364438,2024년 모듈발주\징코모듈\발주서(200MW 3개사)\징코 200MW 진행의 건\탑솔라  125MW\부산 JWSH24110024\JWSH24110024 JWL2021-COPY BL.pdf
2024,징코모듈,JWSH24110024,CI,JWSH24110024-CI.pdf,54459,2024년 모듈발주\징코모듈\발주서(200MW 3개사)\징코 200MW 진행의 건\탑솔라  125MW\부산 JWSH24110024\JWSH24110024-CI.pdf
2024,징코모듈,JWSH24110024,OBL,JWSH24110024 OBL.pdf,792532,2024년 모듈발주\징코모듈\발주서(200MW 3개사)\징코 200MW 진행의 건\탑솔라  125MW\부산 JWSH24110024\JWSH24110024 OBL.pdf
2024,징코모듈,JWSH24110024,PL,JWSH24110024-PL.pdf,44492,2024년 모듈발주\징코모듈\발주서(200MW 3개사)\징코 200MW 진행의 건\탑솔라  125MW\부산 JWSH24110024\JWSH24110024-PL.pdf
2024,징코모듈,JWSH24110025,CI,JWSH24110025 -CI.pdf,80937,2024년 모듈발주\징코모듈\발주서(200MW 3개사)\징코 200MW 진행의 건\탑솔라  125MW\JWSH24110025 부산\JWSH24110025 -CI.pdf
2024,징코모듈,JWSH24110025,OBL,JWSH24110025 OBL.pdf,749351,2024년 모듈발주\징코모듈\발주서(200MW 3개사)\징코 200MW 진행의 건\탑솔라  125MW\JWSH24110025 부산\JWSH24110025 OBL.pdf
2024,징코모듈,JWSH24110025,PL,JWSH24110025 -PL.pdf,71364,2024년 모듈발주\징코모듈\발주서(200MW 3개사)\징코 200MW 진행의 건\탑솔라  125MW\JWSH24110025 부산\JWSH24110025 -PL.pdf
2024,징코모듈,JWSH24110045,CI,JWSH24110045-CI.pdf,53989,2024년 모듈발주\징코모듈\발주서(200MW 3개사)\징코 200MW 진행의 건\탑솔라  125MW\디원 7840pcs\JWSH24110045-CI.pdf
2024,징코모듈,JWSH24110045,OBL,JWSH24110045 OBL.pdf,733126,2024년 모듈발주\징코모듈\발주서(200MW 3개사)\징코 200MW 진행의 건\탑솔라  125MW\디원 7840pcs\JWSH24110045 OBL.pdf
2024,징코모듈,JWSH24110045,PL,JWSH24110045-PL.pdf,45487,2024년 모듈발주\징코모듈\발주서(200MW 3개사)\징코 200MW 진행의 건\탑솔라  125MW\디원 7840pcs\JWSH24110045-PL.pdf
2024,징코모듈,JWSH24110046,CI,JWSH24110046 CI.pdf,53787,2024년 모듈발주\징코모듈\발주서(200MW 3개사)\징코 200MW 진행의 건\탑솔라  125MW\일반광양 JWSH24110046  7920pcs\JWSH24110046 CI.pdf
2024,징코모듈,JWSH24110046,OBL,JWSH24110046 OBL.pdf,730014,2024년 모듈발주\징코모듈\발주서(200MW 3개사)\징코 200MW 진행의 건\탑솔라  125MW\일반광양 JWSH24110046  7920pcs\JWSH24110046 OBL.pdf
2024,징코모듈,JWSH24110046,PL,JWSH24110046-PL.pdf,44352,2024년 모듈발주\징코모듈\발주서(200MW 3개사)\징코 200MW 진행의 건\탑솔라  125MW\일반광양 JWSH24110046  7920pcs\JWSH24110046-PL.pdf
2024,징코모듈,JWSH24110079,CI,JWSH24110079-CI.pdf,79982,"2024년 모듈발주\징코모듈\발주서(200MW 3개사)\징코 200MW 진행의 건\탑솔라  125MW\일반 광양 JWSH24110079  17,280pcs\JWSH24110079-CI.pdf"
2024,징코모듈,JWSH24110079,OBL,JWSH24110079 OBL.pdf,813650,"2024년 모듈발주\징코모듈\발주서(200MW 3개사)\징코 200MW 진행의 건\탑솔라  125MW\일반 광양 JWSH24110079  17,280pcs\JWSH24110079 OBL.pdf"
2024,징코모듈,JWSH24110079,PL,JWSH24110079-PL.pdf,44333,"2024년 모듈발주\징코모듈\발주서(200MW 3개사)\징코 200MW 진행의 건\탑솔라  125MW\일반 광양 JWSH24110079  17,280pcs\JWSH24110079-PL.pdf"
2024,징코모듈,JWSH24110083,CI,JWSH24110083 CI.pdf,53302,2024년 모듈발주\징코모듈\발주서(200MW 3개사)\징코 200MW 진행의 건\탑솔라  125MW\광양 일반물량\JWSH24110083 CI.pdf
2024,징코모듈,JWSH24110083,OBL,JWSH24110083 OBL.pdf,721376,2024년 모듈발주\징코모듈\발주서(200MW 3개사)\징코 200MW 진행의 건\탑솔라  125MW\광양 일반물량\JWSH24110083 OBL.pdf
2024,징코모듈,JWSH24110083,PL,JWSH24110083 PL v2.pdf,40704,2024년 모듈발주\징코모듈\발주서(200MW 3개사)\징코 200MW 진행의 건\탑솔라  125MW\광양 일반물량\JWSH24110083 PL v2.pdf
2024,징코모듈,JWSH24110083,PL,JWSH24110083 PL.pdf,45937,2024년 모듈발주\징코모듈\발주서(200MW 3개사)\징코 200MW 진행의 건\탑솔라  125MW\광양 일반물량\JWSH24110083 PL.pdf
2024,징코모듈,JWSH24110084,CI,JWSH24110084 CI.pdf,81621,2024년 모듈발주\징코모듈\발주서(200MW 3개사)\징코 200MW 진행의 건\탑솔라  125MW\광양 일반물량\JWSH24110084 CI.pdf
2024,징코모듈,JWSH24110084,OBL,JWSH24110084 OBL.pdf,681906,2024년 모듈발주\징코모듈\발주서(200MW 3개사)\징코 200MW 진행의 건\탑솔라  125MW\광양 일반물량\JWSH24110084 OBL.pdf
2024,징코모듈,JWSH24110084,PL,JWSH24110084 PL.pdf,44784,2024년 모듈발주\징코모듈\발주서(200MW 3개사)\징코 200MW 진행의 건\탑솔라  125MW\광양 일반물량\JWSH24110084 PL.pdf
2024,징코모듈,JWSH24120043,CI,11520pcs JWSH24120043 CI.pdf,327517,2024년 모듈발주\징코모듈\선적서류\11520pcs JWSH24120043 CI.pdf
2024,징코모듈,JWSH24120043,OBL,11520pcs JWSH24120043 OBL.pdf,777922,2024년 모듈발주\징코모듈\선적서류\11520pcs JWSH24120043 OBL.pdf
2024,징코모듈,JWSH24120043,PL,11520pcs JWSH24120043 PL.pdf,312866,2024년 모듈발주\징코모듈\선적서류\11520pcs JWSH24120043 PL.pdf
2024,징코모듈,JWSH24120044,CI,12096pcs JWSH24120044 CI.pdf,327523,2024년 모듈발주\징코모듈\선적서류\12096pcs JWSH24120044 CI.pdf
2024,징코모듈,JWSH24120044,OBL,12096pcs JWSH24120044 OBL.pdf,781054,2024년 모듈발주\징코모듈\선적서류\12096pcs JWSH24120044 OBL.pdf
2024,징코모듈,JWSH24120044,PL,12096pcs JWSH24120044 PL.pdf,312873,2024년 모듈발주\징코모듈\선적서류\12096pcs JWSH24120044 PL.pdf
2024,징코모듈,JWSH250300,CI,CI 8000121180 SNKO03K250201369 JWSH250300.pdf,61355,2024년 모듈발주\징코모듈\발주서(200MW 3개사)\징코 200MW 진행의 건\탑솔라  125MW\징코모듈 635WP  45MW 가운데 30MW(2025.02.19)\징코 7.5MW 3.5선적JWSH25030014\CI 8000121180 SNKO03K250201369 JWSH250300.pdf
2024,징코모듈,JWSH25030014,CI,CI 8000121181 SNKO03K250201374.pdf,101646,2024년 모듈발주\징코모듈\발주서(200MW 3개사)\징코 200MW 진행의 건\탑솔라  125MW\징코모듈 635WP  45MW 가운데 30MW(2025.02.19)\징코 7.5MW 3.5선적JWSH25030014\CI 8000121181 SNKO03K250201374.pdf
2024,징코모듈,JWSH25030014,OBL,0014 탑솔라 수입필증 OBL JWSH25030014 2025.03.11.pdf,306049,2024년 모듈발주\징코모듈\발주서(200MW 3개사)\징코 200MW 진행의 건\탑솔라  125MW\징코모듈 635WP  45MW 가운데 30MW(2025.02.19)\징코 7.5MW 3.5선적JWSH25030014\0014 탑솔라 수입필증 OBL JWSH25030014 2025.03.11.pdf
2024,징코모듈,JWSH25030014,OBL,1374 탑솔라 수입필증 OBL SNKO03K250201374   2025.03.11.pdf,305427,2024년 모듈발주\징코모듈\발주서(200MW 3개사)\징코 200MW 진행의 건\탑솔라  125MW\징코모듈 635WP  45MW 가운데 30MW(2025.02.19)\징코 7.5MW 3.5선적JWSH25030014\1374 탑솔라 수입필증 OBL SNKO03K250201374   2025.03.11.pdf
2024,징코모듈,JWSH25030014,OBL,OBL JWSH25030014.pdf,575405,2024년 모듈발주\징코모듈\발주서(200MW 3개사)\징코 200MW 진행의 건\탑솔라  125MW\징코모듈 635WP  45MW 가운데 30MW(2025.02.19)\징코 7.5MW 3.5선적JWSH25030014\OBL JWSH25030014.pdf
2024,징코모듈,JWSH25030014,OBL,OBL SNKO03K250201374.pdf,778066,2024년 모듈발주\징코모듈\발주서(200MW 3개사)\징코 200MW 진행의 건\탑솔라  125MW\징코모듈 635WP  45MW 가운데 30MW(2025.02.19)\징코 7.5MW 3.5선적JWSH25030014\OBL SNKO03K250201374.pdf
2024,징코모듈,JWSH25030014,PL,PL JWSH25030014.pdf,312449,2024년 모듈발주\징코모듈\발주서(200MW 3개사)\징코 200MW 진행의 건\탑솔라  125MW\징코모듈 635WP  45MW 가운데 30MW(2025.02.19)\징코 7.5MW 3.5선적JWSH25030014\PL JWSH25030014.pdf
2024,징코모듈,JWSH25030014,PL,PL SNKO03K250201374.pdf,312446,2024년 모듈발주\징코모듈\발주서(200MW 3개사)\징코 200MW 진행의 건\탑솔라  125MW\징코모듈 635WP  45MW 가운데 30MW(2025.02.19)\징코 7.5MW 3.5선적JWSH25030014\PL SNKO03K250201374.pdf
2024,징코모듈,RE_ [탑솔라(주)  기자재실] 100MW 모듈 구매계약서 날인본 송부드립니다 (no-id),CI,1 CI_Z20240306206-1.pdf,65883,2024년 모듈발주\징코모듈\100MW 중 625W 10MW 선적\징코 5MW선적\RE_ [탑솔라(주)  기자재실] 100MW 모듈 구매계약서 날인본 송부드립니다\1 CI_Z20240306206-1.pdf
2024,징코모듈,RE_ [탑솔라(주)  기자재실] 100MW 모듈 구매계약서 날인본 송부드립니다 (no-id),CI,1.CI_Z20240306203-1(UPDATE3.6).pdf,65662,2024년 모듈발주\징코모듈\100MW 중 625W 10MW 선적\징코 5MW선적\RE_ [탑솔라(주)  기자재실] 100MW 모듈 구매계약서 날인본 송부드립니다\1.CI_Z20240306203-1(UPDATE3.6).pdf
2024,징코모듈,RE_ [탑솔라(주)  기자재실] 100MW 모듈 구매계약서 날인본 송부드립니다 (no-id),OBL,4 OBL 24030082.pdf,740868,2024년 모듈발주\징코모듈\100MW 중 625W 10MW 선적\징코 5MW선적\RE_ [탑솔라(주)  기자재실] 100MW 모듈 구매계약서 날인본 송부드립니다\4 OBL 24030082.pdf
2024,징코모듈,RE_ [탑솔라(주)  기자재실] 100MW 모듈 구매계약서 날인본 송부드립니다 (no-id),PL,2 PL_Z20240306203-1(UPDATE3.6).pdf,89673,2024년 모듈발주\징코모듈\100MW 중 625W 10MW 선적\징코 5MW선적\RE_ [탑솔라(주)  기자재실] 100MW 모듈 구매계약서 날인본 송부드립니다\2 PL_Z20240306203-1(UPDATE3.6).pdf
2024,징코모듈,RE_ [탑솔라(주)  기자재실] 100MW 모듈 구매계약서 날인본 송부드립니다 (no-id),PL,2 PL_Z20240306206-1.pdf,89802,2024년 모듈발주\징코모듈\100MW 중 625W 10MW 선적\징코 5MW선적\RE_ [탑솔라(주)  기자재실] 100MW 모듈 구매계약서 날인본 송부드립니다\2 PL_Z20240306206-1.pdf
2024,징코모듈,Re_ [탑솔라(주)  기자재실] 10MW 선적서류(ETD2024.04.07) (no-id),CI,2 CI_Z20240326077-1.pdf,52422,2024년 모듈발주\징코모듈\100MW 중 625W 10MW 03.25 선적\Re_ [탑솔라(주)  기자재실] 10MW 선적서류(ETD2024.04.07)\2 CI_Z20240326077-1.pdf
2024,징코모듈,Re_ [탑솔라(주)  기자재실] 10MW 선적서류(ETD2024.04.07) (no-id),PL,3 PL_Z20240326077-1.pdf,77226,2024년 모듈발주\징코모듈\100MW 중 625W 10MW 03.25 선적\Re_ [탑솔라(주)  기자재실] 10MW 선적서류(ETD2024.04.07)\3 PL_Z20240326077-1.pdf
2024,징코모듈,"RE_ 100MW수정계약,  620W계약서(684장) (no-id)",BL,1 BL EASHO2421NK232.pdf,744957,"2024년 모듈발주\징코모듈\100MW 중 630W 5MW 선적진행 2024.05.25\630WP  5MW 선적서류\RE_ 100MW수정계약,  620W계약서(684장)\1 BL EASHO2421NK232.pdf"
2024,징코모듈,"RE_ 100MW수정계약,  620W계약서(684장) (no-id)",CI,2 CI_Z20240515329-1.pdf,482354,"2024년 모듈발주\징코모듈\100MW 중 630W 5MW 선적진행 2024.05.25\630WP  5MW 선적서류\RE_ 100MW수정계약,  620W계약서(684장)\2 CI_Z20240515329-1.pdf"
2024,징코모듈,"RE_ 100MW수정계약,  620W계약서(684장) (no-id)",PL,3 PL_Z20240515329-1.pdf,363713,"2024년 모듈발주\징코모듈\100MW 중 630W 5MW 선적진행 2024.05.25\630WP  5MW 선적서류\RE_ 100MW수정계약,  620W계약서(684장)\3 PL_Z20240515329-1.pdf"
2024,징코모듈,SNKO020241008028,CI,SNKO020241008028-CUSTOMS-CI.pdf,53273,"2024년 모듈발주\징코모듈\발주서(200MW 3개사)\징코 200MW 진행의 건\탑솔라  125MW\징코모듈 630WP  40MW 선적 2024.09.27개설\6차 SNKO020241008028(11,520PCS)\SNKO020241008028-CUSTOMS-CI.pdf"
2024,징코모듈,SNKO020241008028,PL,SNKO020241008028-CUSTOMS-PL.pdf,70828,"2024년 모듈발주\징코모듈\발주서(200MW 3개사)\징코 200MW 진행의 건\탑솔라  125MW\징코모듈 630WP  40MW 선적 2024.09.27개설\6차 SNKO020241008028(11,520PCS)\SNKO020241008028-CUSTOMS-PL.pdf"
2024,징코모듈,SNKO020241008037,CI,SNKO020241008037 -CUSTOMS-CI.pdf,55543,"2024년 모듈발주\징코모듈\발주서(200MW 3개사)\징코 200MW 진행의 건\탑솔라  125MW\징코모듈 630WP  40MW 선적 2024.09.27개설\5차 SNKO020241008037(11,520PCS)\SNKO020241008037 -CUSTOMS-CI.pdf"
2024,징코모듈,SNKO020241008037,PL,SNKO020241008037 -CUSTOMS-PL.pdf,45449,"2024년 모듈발주\징코모듈\발주서(200MW 3개사)\징코 200MW 진행의 건\탑솔라  125MW\징코모듈 630WP  40MW 선적 2024.09.27개설\5차 SNKO020241008037(11,520PCS)\SNKO020241008037 -CUSTOMS-PL.pdf"
2024,징코모듈,SNKO020241009053,CI,SNKO020241009053 -CUSTOMS-CI.pdf,56095,"2024년 모듈발주\징코모듈\발주서(200MW 3개사)\징코 200MW 진행의 건\탑솔라  125MW\징코모듈 630WP  40MW 선적 2024.09.27개설\4차 SNKO020241009053 (12,996PCS)\SNKO020241009053 -CUSTOMS-CI.pdf"
2024,징코모듈,SNKO020241009053,PL,SNKO020241009053 -CUSTOMS-PL.pdf,45529,"2024년 모듈발주\징코모듈\발주서(200MW 3개사)\징코 200MW 진행의 건\탑솔라  125MW\징코모듈 630WP  40MW 선적 2024.09.27개설\4차 SNKO020241009053 (12,996PCS)\SNKO020241009053 -CUSTOMS-PL.pdf"
2024,CSI,CSI 디원 462장 전달서류 (no-id),BL,OE00XH240805173 BL draft.pdf,127421,2024년 모듈발주\CSI\CSI 디원 462장 전달서류\OE00XH240805173 BL draft.pdf
2024,CSI,FW_ Fwd_ The shipping documents of THEONE (no-id),BL,OE00XH240805173 BL.pdf,446040,2024년 모듈발주\CSI\FW_ Fwd_ The shipping documents of THEONE\OE00XH240805173 BL.pdf
2024,KNK에너지(CIS),1차 5MW 선적서류 (no-id),PL,"INV,PL-M12MK2402NU00018_1st shipment_2024 02.pdf",394965,"2024년 모듈발주\KNK에너지(CIS)\30MW 진행\30MW 발주서\10MW 선적진행\1차 5MW 선적서류\INV,PL-M12MK2402NU00018_1st shipment_2024 02.pdf"
2024,KNK에너지(CIS),2차 진행 10MW (no-id),HBL,HBL ETA 4.119.pdf,1307631,"2024년 모듈발주\KNK에너지(CIS)\30MW 진행\30MW 발주서\20MW 선적진행(10MW, 10MW)\2차 진행 10MW\HBL ETA 4.119.pdf"
2024,KNK에너지(CIS),2차 진행 10MW (no-id),PL,Commercial Invoice Packing list (KNK~Top Solar).pdf,755359,"2024년 모듈발주\KNK에너지(CIS)\30MW 진행\30MW 발주서\20MW 선적진행(10MW, 10MW)\2차 진행 10MW\Commercial Invoice Packing list (KNK~Top Solar).pdf"
2024,KNK에너지(CIS),KNK 2차 5MW 3.4출항 (no-id),PL,Invoice PL to Top Solar_2024 02_2nd shipment.pdf,785506,2024년 모듈발주\KNK에너지(CIS)\30MW 진행\30MW 발주서\10MW 선적진행\KNK 2차 5MW 3.4출항\Invoice PL to Top Solar_2024 02_2nd shipment.pdf
2024,KNK에너지(CIS),KNKE20240430,PL,"INV,PL to Top Solar-KNKE20240430.pdf",202461,"2024년 모듈발주\KNK에너지(CIS)\1MW 발주서\INV,PL to Top Solar-KNKE20240430.pdf"
2024,KNK에너지(CIS),KNKE20240430,PL,"INV,PL-KNKE20240430(Draft).pdf",39608,"2024년 모듈발주\KNK에너지(CIS)\1MW 발주서\INV,PL-KNKE20240430(Draft).pdf"
2024,KNK에너지(CIS),Re_Re_Re_Re_ Re_ 탑솔라주식회사 발주서 송부 (no-id),PL,240327_INV&PL(KNK-TOP)_10MW_signed.pdf,281830,"2024년 모듈발주\KNK에너지(CIS)\30MW 진행\30MW 발주서\20MW 선적진행(10MW, 10MW)\1차 진행 10MW\Re_Re_Re_Re_ Re_ 탑솔라주식회사 발주서 송부\240327_INV&PL(KNK-TOP)_10MW_signed.pdf"
2024,KNK에너지(CIS),ZHC2402012,BL,BL - ZHC2402012.pdf,901226,2024년 모듈발주\KNK에너지(CIS)\30MW 진행\30MW 발주서\10MW 선적진행\1차 5MW 선적서류\BL - ZHC2402012.pdf
2024,KNK에너지(CIS),ZHC2402012,HBL,ZHC2402012-SNKO020240204393 HBL.PDF,537774,2024년 모듈발주\KNK에너지(CIS)\30MW 진행\30MW 발주서\10MW 선적진행\1차 5MW 선적서류\ZHC2402012-SNKO020240204393 HBL.PDF
2024,KNK에너지(CIS),ZHC2402013,HBL,ZHC2402013-SNKO020240204392HBL.pdf,542439,2024년 모듈발주\KNK에너지(CIS)\30MW 진행\30MW 발주서\10MW 선적진행\KNK 2차 5MW 3.4출항\ZHC2402013-SNKO020240204392HBL.pdf
2024,KNK에너지(CIS),ZHC2402013,HBL,ZHC2402013-SNKO020240204392HBL扫描件.pdf,542439,2024년 모듈발주\KNK에너지(CIS)\30MW 진행\30MW 발주서\10MW 선적진행\KNK 2차 5MW 3.4출항\ZHC2402013-SNKO020240204392HBL扫描件.pdf
2024,KNK에너지(CIS),ZHC2403011,HBL,ZHC2403011 HBL COPY.pdf,865418,"2024년 모듈발주\KNK에너지(CIS)\30MW 진행\30MW 발주서\20MW 선적진행(10MW, 10MW)\1차 진행 10MW\Re_Re_Re_Re_ Re_ 탑솔라주식회사 발주서 송부\ZHC2403011 HBL COPY.pdf"
2024,KNK에너지(CIS),ZHC2404043,HBL,ZHC2404043-SNKO0202404415246 HBL正本扫描件.pdf,528345,2024년 모듈발주\KNK에너지(CIS)\1MW 발주서\ZHC2404043-SNKO0202404415246 HBL正本扫描件.pdf
2025,라이젠,640WP 10MW 진행 (no-id),PL,RSPN251920CI&PL.pdf,92967,2025년 모듈 발주\라이젠\라이젠 40WM\640WP 10MW 진행\RSPN251920CI&PL.pdf
2025,라이젠,라이젠모듈 선적서류 송부건 (no-id),PL,RSPN251920CI&PL.pdf,92967,2025년 모듈 발주\라이젠\라이젠 40WM\640WP 10MW 진행\라이젠모듈 선적서류 송부건\RSPN251920CI&PL.pdf
2025,라이젠,RSPN251920,BL,RSPN251920 BL ATD10.27 ETA11.3.pdf,3926623,2025년 모듈 발주\라이젠\라이젠 40WM\640WP 10MW 진행\RSPN251920 BL ATD10.27 ETA11.3.pdf
2025,라이젠,RSPN251920,BL,RSPN251920 BL ATD10.27 ETA11.3.pdf,3926623,2025년 모듈 발주\라이젠\라이젠 40WM\640WP 10MW 진행\라이젠모듈 선적서류 송부건\RSPN251920 BL ATD10.27 ETA11.3.pdf
2025,론지솔라,9354694996  석문호 클립 (no-id),CI,LS-ONE-20260319-FREE_CI.pdf,139039,2025년 모듈 발주\론지솔라\디원\석문호 론지 모듈 계약 재진행 2026년\LC전문\9354694996  석문호 클립\LS-ONE-20260319-FREE_CI.pdf
2025,론지솔라,9354694996  석문호 클립 (no-id),HBL,9354694996_HWB_20260323_439_20260323.pdf,12554,2025년 모듈 발주\론지솔라\디원\석문호 론지 모듈 계약 재진행 2026년\LC전문\9354694996  석문호 클립\9354694996_HWB_20260323_439_20260323.pdf
2025,론지솔라,9354694996  석문호 클립 (no-id),PL,LS-ONE-20260319-FREE_PL.pdf,74895,2025년 모듈 발주\론지솔라\디원\석문호 론지 모듈 계약 재진행 2026년\LC전문\9354694996  석문호 클립\LS-ONE-20260319-FREE_PL.pdf
2025,론지솔라,LS2507279457,CI,Topsolar_ himo 10X_LS2507279457_CI.pdf,176060,2025년 모듈 발주\론지솔라\탑솔라\경량모듈 샘플건\론지샘플\Topsolar_ himo 10X_LS2507279457_CI.pdf
2025,론지솔라,LS2507279457,PL,Topsolar_ himo 10X_LS2507279457_PL.pdf,74320,2025년 모듈 발주\론지솔라\탑솔라\경량모듈 샘플건\론지샘플\Topsolar_ himo 10X_LS2507279457_PL.pdf
2025,론지솔라,LS2507281831,BL,LS2507281831_BL.pdf,460884,"2025년 모듈 발주\론지솔라\탑솔라\론지모듈 640, 645,620\론지선적서류\[선적서류]_탑솔라(주)__론지모듈_LR7-72HYD-640_645M_11_40HQ__LR7-72HGD-620M_1_40HQ__\LS2507281831_BL.pdf"
2025,론지솔라,LS2507281831,PL,LS2507281831  CI&PL.pdf,86426,"2025년 모듈 발주\론지솔라\탑솔라\론지모듈 640, 645,620\론지선적서류\[선적서류]_탑솔라(주)__론지모듈_LR7-72HYD-640_645M_11_40HQ__LR7-72HGD-620M_1_40HQ__\LS2507281831  CI&PL.pdf"
2025,론지솔라,LS2507281832,PL,LS2507281832&LS2507281833CI&PL.pdf,91429,"2025년 모듈 발주\론지솔라\탑솔라\론지모듈 640, 645,620\론지선적서류\[선적서류]_탑솔라(주)__론지모듈_LR7-72HYD-640_645M_11_40HQ__LR7-72HGD-620M_1_40HQ__\LS2507281832&LS2507281833CI&PL.pdf"
2025,론지솔라,LS2507281833,BL,LS2507281833&LS2507281832_BL.pdf,1964809,"2025년 모듈 발주\론지솔라\탑솔라\론지모듈 640, 645,620\론지선적서류\[선적서류]_탑솔라(주)__론지모듈_LR7-72HYD-640_645M_11_40HQ__LR7-72HGD-620M_1_40HQ__\LS2507281833&LS2507281832_BL.pdf"
2025,론지솔라,LS2507282128,BL,LS2507282128_BL.pdf,440076,"2025년 모듈 발주\론지솔라\탑솔라\론지모듈 640, 645,620\론지선적서류\[선적서류]_탑솔라(주)__론지모듈_LR7-72HYD-640_645M_11_40HQ__LR7-72HGD-620M_1_40HQ__\LS2507282128_BL.pdf"
2025,론지솔라,LS2507282128,PL,LS2507282128   CI&PL.pdf,88002,"2025년 모듈 발주\론지솔라\탑솔라\론지모듈 640, 645,620\론지선적서류\[선적서류]_탑솔라(주)__론지모듈_LR7-72HYD-640_645M_11_40HQ__LR7-72HGD-620M_1_40HQ__\LS2507282128   CI&PL.pdf"
2025,론지솔라,LS2508283955,BL,LS2508283955&LS2508283956_BL.pdf,456232,"2025년 모듈 발주\론지솔라\탑솔라\론지모듈 640, 645,620\론지선적서류\[선적서류]_탑솔라(주)__론지모듈_LR7-72HYD-640_645M__40HQ__LR7-72HGD-620M_11_40HQ__   5MW\LS2508283955&LS2508283956_BL.pdf"
2025,론지솔라,LS2508283955,PL,LS2508283955&LS2508283956_CI&PL.pdf,89904,"2025년 모듈 발주\론지솔라\탑솔라\론지모듈 640, 645,620\론지선적서류\[선적서류]_탑솔라(주)__론지모듈_LR7-72HYD-640_645M__40HQ__LR7-72HGD-620M_11_40HQ__   5MW\LS2508283955&LS2508283956_CI&PL.pdf"
2025,론지솔라,LS2510289290,BL,LS2510289290_BL.pdf,463080,2025년 모듈 발주\론지솔라\디원\the_one__40HQ_17_LS2510289290__615_12240pcs__7.5276MW_부산항(17대)__ATD11.2\LS2510289290_BL.pdf
2025,론지솔라,LS2510289290,BL,LS2510289290_BL.pdf,463080,2025년 모듈 발주\론지솔라\디원\석문호 론지 모듈 계약 재진행 2026년\론지석문호-디원  선적서류\the_one__40HQ_17_LS2510289290__615_12240pcs__7.5276MW_부산항(17대)__ATD11.2\LS2510289290_BL.pdf
2025,론지솔라,LS2510289290,PL,LS2510289290_CI&PL.pdf,59542,2025년 모듈 발주\론지솔라\디원\the_one__40HQ_17_LS2510289290__615_12240pcs__7.5276MW_부산항(17대)__ATD11.2\LS2510289290_CI&PL.pdf
2025,론지솔라,LS2510289290,PL,LS2510289290_CI&PL.pdf,59542,2025년 모듈 발주\론지솔라\디원\석문호 론지 모듈 계약 재진행 2026년\론지석문호-디원  선적서류\the_one__40HQ_17_LS2510289290__615_12240pcs__7.5276MW_부산항(17대)__ATD11.2\LS2510289290_CI&PL.pdf
2025,론지솔라,LS2510289292,BL,LS2510289292_BL.pdf,1441896,"2025년 모듈 발주\론지솔라\디원\the_one__40HQ_11_LS2510289292__615_7,920pcs__4.8708MW_평택항__ATD11.3\LS2510289292_BL.pdf"
2025,론지솔라,LS2510289292,BL,LS2510289292_BL.pdf,1441896,"2025년 모듈 발주\론지솔라\디원\석문호 론지 모듈 계약 재진행 2026년\론지석문호-디원  선적서류\the_one__40HQ_11_LS2510289292__615_7,920pcs__4.8708MW_평택항__ATD11.3\LS2510289292_BL.pdf"
2025,론지솔라,LS2510289292,PL,LS2510289292 11HQ  ATD11.3 CIPL.pdf,2036678,"2025년 모듈 발주\론지솔라\디원\the_one__40HQ_11_LS2510289292__615_7,920pcs__4.8708MW_평택항__ATD11.3\LS2510289292 11HQ  ATD11.3 CIPL.pdf"
2025,론지솔라,LS2510289292,PL,LS2510289292 11HQ  ATD11.3 CIPL.pdf,2036678,"2025년 모듈 발주\론지솔라\디원\석문호 론지 모듈 계약 재진행 2026년\론지석문호-디원  선적서류\the_one__40HQ_11_LS2510289292__615_7,920pcs__4.8708MW_평택항__ATD11.3\LS2510289292 11HQ  ATD11.3 CIPL.pdf"
2025,론지솔라,LS2511290148,BL,LS2511290148&LS2511290150_BL (1).pdf,1511530,2025년 모듈 발주\론지솔라\디원\1차 개설 진행 33.7MW 선적서류\새 폴더\the_one__40HQ_35_LS2511290148_LS2511290150__615_25128+50pcs__15.5MW_평텍항(35대)_\LS2511290148&LS2511290150_BL (1).pdf
2025,론지솔라,LS2511290148,BL,LS2511290148&LS2511290150_BL.pdf,1511530,2025년 모듈 발주\론지솔라\디원\석문호 론지 모듈 계약 재진행 2026년\론지석문호-디원  선적서류\the_one__40HQ_35_LS2511290148_LS2511290150__615_25128+50pcs__15.5MW_평텍항(35대)_\LS2511290148&LS2511290150_BL.pdf
2025,론지솔라,LS2511290148,OBL,LS2511290148&LS2511290150_OBL.pdf,917480,2025년 모듈 발주\론지솔라\디원\1차 개설 진행 33.7MW 선적서류\새 폴더\the_one__40HQ_35_LS2511290148_LS2511290150__615_25128+50pcs__15.5MW_평텍항(35대)_\LS2511290148&LS2511290150_OBL.pdf
2025,론지솔라,LS2511290148,OBL,LS2511290148&LS2511290150_OBL.pdf,917480,2025년 모듈 발주\론지솔라\디원\the_one__40HQ_35_LS2511290148_LS2511290150__615_25128+50pcs__15.5MW_평텍항(35대)_\LS2511290148&LS2511290150_OBL.pdf
2025,론지솔라,LS2511290148,OBL,LS2511290148&LS2511290150_OBL.pdf,917480,2025년 모듈 발주\론지솔라\디원\석문호 론지 모듈 계약 재진행 2026년\론지석문호-디원  선적서류\the_one__40HQ_35_LS2511290148_LS2511290150__615_25128+50pcs__15.5MW_평텍항(35대)_\LS2511290148&LS2511290150_OBL.pdf
2025,론지솔라,LS2511290148,PL,LS2511290148&LS2511290150CI&PL.pdf,686295,2025년 모듈 발주\론지솔라\디원\1차 개설 진행 33.7MW 선적서류\새 폴더\the_one__40HQ_35_LS2511290148_LS2511290150__615_25128+50pcs__15.5MW_평텍항(35대)_\LS2511290148&LS2511290150CI&PL.pdf
2025,론지솔라,LS2511290148,PL,LS2511290148&LS2511290150CI&PL.pdf,686295,2025년 모듈 발주\론지솔라\디원\the_one__40HQ_35_LS2511290148_LS2511290150__615_25128+50pcs__15.5MW_평텍항(35대)_\LS2511290148&LS2511290150CI&PL.pdf
2025,론지솔라,LS2511290148,PL,LS2511290148&LS2511290150CI&PL.pdf,686295,2025년 모듈 발주\론지솔라\디원\석문호 론지 모듈 계약 재진행 2026년\론지석문호-디원  선적서류\the_one__40HQ_35_LS2511290148_LS2511290150__615_25128+50pcs__15.5MW_평텍항(35대)_\LS2511290148&LS2511290150CI&PL.pdf
2025,론지솔라,LS2512292813,OBL,LS2512292813&LS2512292814_OBL.pdf,548460,"2025년 모듈 발주\론지솔라\디원\백컨텍모듈\THE ONE Co., Ltd_40HQ_5_LS2512292814_ LS2512292813 _ATD12.20\LS2512292813&LS2512292814_OBL.pdf"
2025,론지솔라,LS2512292813,PL,LS2512292813&LS2512292814_CI&PL.pdf,61642,"2025년 모듈 발주\론지솔라\디원\백컨텍모듈\THE ONE Co., Ltd_40HQ_5_LS2512292814_ LS2512292813 _ATD12.20\LS2512292813&LS2512292814_CI&PL.pdf"
2025,론지솔라,LS2512292815,BL,LS2512292815&LS2512292985_BL.pdf,616056,"2025년 모듈 발주\론지솔라\디원\백컨텍모듈\론지 백컨텍 디원물량\THE ONE Co., Ltd_40HQ_21_LS2512292815_ LS2512292985 _ATD12.09\LS2512292815&LS2512292985_BL.pdf"
2025,론지솔라,LS2512292815,PL,LS2512292815&LS2512292985_CI&PL.pdf,60682,"2025년 모듈 발주\론지솔라\디원\백컨텍모듈\론지 백컨텍 디원물량\THE ONE Co., Ltd_40HQ_21_LS2512292815_ LS2512292985 _ATD12.09\LS2512292815&LS2512292985_CI&PL.pdf"
2025,론지솔라,LS2512293984,OBL,LS2512293984_OBL.pdf,442103,"2025년 모듈 발주\론지솔라\디원\백컨텍모듈\THE ONE Co., Ltd_40HQ_17_LS2512293984_ATD12.29\LS2512293984_OBL.pdf"
2025,론지솔라,LS2512293984,PL,LS2512293984_CI&PL.pdf,66431,"2025년 모듈 발주\론지솔라\디원\백컨텍모듈\THE ONE Co., Ltd_40HQ_17_LS2512293984_ATD12.29\LS2512293984_CI&PL.pdf"
2025,론지솔라,"Re_ THE ONE Co.,Ltd_40HQ_25_LS-ONE-20260310-1_ATD0320_LR7-72HGD-615MA (no-id)",BL,LS-ONE-20260310-1_BL.pdf,761698,"2025년 모듈 발주\론지솔라\디원\석문호 론지 모듈 계약 재진행 2026년\LC전문\Re_ THE ONE Co.,Ltd_40HQ_25_LS-ONE-20260310-1_ATD0320_LR7-72HGD-615MA\LS-ONE-20260310-1_BL.pdf"
2025,론지솔라,"Re_ THE ONE Co.,Ltd_40HQ_25_LS-ONE-20260310-1_ATD0320_LR7-72HGD-615MA (no-id)",CI,LS-ONE-20260310-1_CI.pdf,145551,"2025년 모듈 발주\론지솔라\디원\석문호 론지 모듈 계약 재진행 2026년\LC전문\Re_ THE ONE Co.,Ltd_40HQ_25_LS-ONE-20260310-1_ATD0320_LR7-72HGD-615MA\LS-ONE-20260310-1_CI.pdf"
2025,론지솔라,"Re_ THE ONE Co.,Ltd_40HQ_25_LS-ONE-20260310-1_ATD0320_LR7-72HGD-615MA (no-id)",PL,LS-ONE-20260310-1_PL.pdf,72744,"2025년 모듈 발주\론지솔라\디원\석문호 론지 모듈 계약 재진행 2026년\LC전문\Re_ THE ONE Co.,Ltd_40HQ_25_LS-ONE-20260310-1_ATD0320_LR7-72HGD-615MA\LS-ONE-20260310-1_PL.pdf"
2025,론지솔라,"THE ONE Co., Ltd_40HQ_25_LS-ONE-20260312-1_ATD0323_LR7-72HGD-615MA (no-id)",BL,LS-ONE-20260312-1_BL.pdf,901811,"2025년 모듈 발주\론지솔라\디원\석문호 론지 모듈 계약 재진행 2026년\LC전문\THE ONE Co., Ltd_40HQ_25_LS-ONE-20260312-1_ATD0323_LR7-72HGD-615MA\LS-ONE-20260312-1_BL.pdf"
2025,론지솔라,"THE ONE Co., Ltd_40HQ_25_LS-ONE-20260312-1_ATD0323_LR7-72HGD-615MA (no-id)",CI,LS-ONE-20260312-1_CI (수정본).pdf,145352,"2025년 모듈 발주\론지솔라\디원\석문호 론지 모듈 계약 재진행 2026년\LC전문\THE ONE Co., Ltd_40HQ_25_LS-ONE-20260312-1_ATD0323_LR7-72HGD-615MA\LS-ONE-20260312-1_CI (수정본).pdf"
2025,론지솔라,"THE ONE Co., Ltd_40HQ_25_LS-ONE-20260312-1_ATD0323_LR7-72HGD-615MA (no-id)",CI,LS-ONE-20260312-1_CI.pdf,145318,"2025년 모듈 발주\론지솔라\디원\석문호 론지 모듈 계약 재진행 2026년\LC전문\THE ONE Co., Ltd_40HQ_25_LS-ONE-20260312-1_ATD0323_LR7-72HGD-615MA\LS-ONE-20260312-1_CI.pdf"
2025,론지솔라,"THE ONE Co., Ltd_40HQ_25_LS-ONE-20260312-1_ATD0323_LR7-72HGD-615MA (no-id)",PL,LS-ONE-20260312-1_PL.pdf,99221,"2025년 모듈 발주\론지솔라\디원\석문호 론지 모듈 계약 재진행 2026년\LC전문\THE ONE Co., Ltd_40HQ_25_LS-ONE-20260312-1_ATD0323_LR7-72HGD-615MA\LS-ONE-20260312-1_PL.pdf"
2025,론지솔라,WXAE25070807,HBL,HAWB112-37389811-WXAE25070807.pdf,430168,2025년 모듈 발주\론지솔라\탑솔라\경량모듈 샘플건\론지샘플\HAWB112-37389811-WXAE25070807.pdf
2025,수입신고필증,수입신고필증 (no-id),OBL,1374 탑솔라 수입필증 OBL SNKO03K250201374   2025.03.11.pdf,305427,2025년 모듈 발주\수입신고필증\1374 탑솔라 수입필증 OBL SNKO03K250201374   2025.03.11.pdf
2025,수입신고필증,JWSH25030014,OBL,0014 탑솔라 수입필증 OBL JWSH25030014 2025.03.11.pdf,306049,2025년 모듈 발주\수입신고필증\0014 탑솔라 수입필증 OBL JWSH25030014 2025.03.11.pdf
2025,징코모듈,디원 18MW - 11502pcs (no-id),CI,8000312487-CUSTOMS-Z202511190066-2-CI.pdf,172062,2025년 모듈 발주\징코모듈\디원\디원 18MW - 11502pcs\8000312487-CUSTOMS-Z202511190066-2-CI.pdf
2025,징코모듈,디원 18MW - 11502pcs (no-id),PL,8000312487-CUSTOMS-Z202511190066-2-PL.pdf,170559,2025년 모듈 발주\징코모듈\디원\디원 18MW - 11502pcs\8000312487-CUSTOMS-Z202511190066-2-PL.pdf
2025,징코모듈,징코 -화신이엔지 17280pcs (no-id),CI,"CI_17,280pcs.pdf",166937,"2025년 모듈 발주\징코모듈\화신이엔지\징코 -화신이엔지 17280pcs\CI_17,280pcs.pdf"
2025,징코모듈,징코 -화신이엔지 17280pcs (no-id),PL,"PL__17,280pcs.pdf",163618,"2025년 모듈 발주\징코모듈\화신이엔지\징코 -화신이엔지 17280pcs\PL__17,280pcs.pdf"
2025,징코모듈,징코-화신 635WP 17280pcs SNKO03K251102055 (no-id),BL,"BL_17,280pcs.pdf",699428,"2025년 모듈 발주\징코모듈\화신이엔지\징코-화신 635WP 17280pcs SNKO03K251102055\BL_17,280pcs.pdf"
2025,징코모듈,징코-화신 635WP 7114pcs (no-id),BL,"BL_7,114pcs.pdf",537210,"2025년 모듈 발주\징코모듈\화신이엔지\징코-화신 635WP 7114pcs\BL_7,114pcs.pdf"
2025,징코모듈,징코-화신 635WP 7114pcs (no-id),CI,"CI_7,114pcs.pdf",52461,"2025년 모듈 발주\징코모듈\화신이엔지\징코-화신 635WP 7114pcs\CI_7,114pcs.pdf"
2025,징코모듈,징코-화신 635WP 7114pcs (no-id),PL,"PL_7,114pcs.pdf",45437,"2025년 모듈 발주\징코모듈\화신이엔지\징코-화신 635WP 7114pcs\PL_7,114pcs.pdf"
2025,징코모듈,징코-화신이엔지 21326pcs (no-id),BL,"BL_Hwasin_21,326pcs.pdf",697830,"2025년 모듈 발주\징코모듈\화신이엔지\징코-화신이엔지 21326pcs\BL_Hwasin_21,326pcs.pdf"
2025,징코모듈,징코-화신이엔지 21326pcs (no-id),CI,"CI_Hwasin_21,326pcs.pdf",166937,"2025년 모듈 발주\징코모듈\화신이엔지\징코-화신이엔지 21326pcs\CI_Hwasin_21,326pcs.pdf"
2025,징코모듈,징코-화신이엔지 21326pcs (no-id),PL,"PL_Hwasin_21,326pcs.pdf",163624,"2025년 모듈 발주\징코모듈\화신이엔지\징코-화신이엔지 21326pcs\PL_Hwasin_21,326pcs.pdf"
2025,징코모듈,징코33.5 (no-id),CI,CI SNKO03K250302336.pdf,327483,2025년 모듈 발주\징코모듈\탑솔라\170MW 계약 진행건 - 완료\170MW - 1차 개설 20MW(2025.03.14)\징코33.5\CI SNKO03K250302336.pdf
2025,징코모듈,징코33.5 (no-id),CI,CI SNKO03K250302342.pdf,327485,2025년 모듈 발주\징코모듈\탑솔라\170MW 계약 진행건 - 완료\170MW - 1차 개설 20MW(2025.03.14)\징코33.5\CI SNKO03K250302342.pdf
2025,징코모듈,징코33.5 (no-id),CI,CI SNKO03K250302344.pdf,327486,2025년 모듈 발주\징코모듈\탑솔라\170MW 계약 진행건 - 완료\170MW - 1차 개설 20MW(2025.03.14)\징코33.5\CI SNKO03K250302344.pdf
2025,징코모듈,징코33.5 (no-id),CI,CI SNKO03K250302826.pdf,327482,2025년 모듈 발주\징코모듈\탑솔라\170MW 계약 진행건 - 완료\170MW - 1차 개설 20MW(2025.03.14)\징코33.5\CI SNKO03K250302826.pdf
2025,징코모듈,징코33.5 (no-id),CI,CI SNKO03K250400209 (SHACYV52616).pdf,327488,2025년 모듈 발주\징코모듈\탑솔라\170MW 계약 진행건 - 완료\170MW - 1차 개설 20MW(2025.03.14)\징코33.5\CI SNKO03K250400209 (SHACYV52616).pdf
2025,징코모듈,징코33.5 (no-id),HBL,HBL SNKO03K250400209 (SHACYV52616).pdf,3029080,2025년 모듈 발주\징코모듈\탑솔라\170MW 계약 진행건 - 완료\170MW - 1차 개설 20MW(2025.03.14)\징코33.5\HBL SNKO03K250400209 (SHACYV52616).pdf
2025,징코모듈,징코33.5 (no-id),OBL,OBL SNKO03K250302336.pdf,114199,2025년 모듈 발주\징코모듈\탑솔라\170MW 계약 진행건 - 완료\170MW - 1차 개설 20MW(2025.03.14)\징코33.5\OBL SNKO03K250302336.pdf
2025,징코모듈,징코33.5 (no-id),OBL,OBL SNKO03K250302342.pdf,108468,2025년 모듈 발주\징코모듈\탑솔라\170MW 계약 진행건 - 완료\170MW - 1차 개설 20MW(2025.03.14)\징코33.5\OBL SNKO03K250302342.pdf
2025,징코모듈,징코33.5 (no-id),OBL,OBL SNKO03K250302344.pdf,109038,2025년 모듈 발주\징코모듈\탑솔라\170MW 계약 진행건 - 완료\170MW - 1차 개설 20MW(2025.03.14)\징코33.5\OBL SNKO03K250302344.pdf
2025,징코모듈,징코33.5 (no-id),OBL,OBL SNKO03K250302826.pdf,101605,2025년 모듈 발주\징코모듈\탑솔라\170MW 계약 진행건 - 완료\170MW - 1차 개설 20MW(2025.03.14)\징코33.5\OBL SNKO03K250302826.pdf
2025,징코모듈,징코33.5 (no-id),PL,PL SNKO03K250302336.pdf,312445,2025년 모듈 발주\징코모듈\탑솔라\170MW 계약 진행건 - 완료\170MW - 1차 개설 20MW(2025.03.14)\징코33.5\PL SNKO03K250302336.pdf
2025,징코모듈,징코33.5 (no-id),PL,PL SNKO03K250302342.pdf,312446,2025년 모듈 발주\징코모듈\탑솔라\170MW 계약 진행건 - 완료\170MW - 1차 개설 20MW(2025.03.14)\징코33.5\PL SNKO03K250302342.pdf
2025,징코모듈,징코33.5 (no-id),PL,PL SNKO03K250302344.pdf,312453,2025년 모듈 발주\징코모듈\탑솔라\170MW 계약 진행건 - 완료\170MW - 1차 개설 20MW(2025.03.14)\징코33.5\PL SNKO03K250302344.pdf
2025,징코모듈,징코33.5 (no-id),PL,PL SNKO03K250302826.pdf,314368,2025년 모듈 발주\징코모듈\탑솔라\170MW 계약 진행건 - 완료\170MW - 1차 개설 20MW(2025.03.14)\징코33.5\PL SNKO03K250302826.pdf
2025,징코모듈,징코33.5 (no-id),PL,PL SNKO03K250400209 (SHACYV52616).pdf,314371,2025년 모듈 발주\징코모듈\탑솔라\170MW 계약 진행건 - 완료\170MW - 1차 개설 20MW(2025.03.14)\징코33.5\PL SNKO03K250400209 (SHACYV52616).pdf
2025,징코모듈,탑솔라-징코 20MW 2025.11.18 (no-id),CI,CI 31464pcs.pdf,55141,2025년 모듈 발주\징코모듈\탑솔라\400MW 계약서 - 350MW 변경\탑솔라-징코 20MW 2025.11.18\CI 31464pcs.pdf
2025,징코모듈,탑솔라-징코 20MW 2025.11.18 (no-id),OBL,OBL SNK003K251003063.pdf,124241,2025년 모듈 발주\징코모듈\탑솔라\400MW 계약서 - 350MW 변경\탑솔라-징코 20MW 2025.11.18\OBL SNK003K251003063.pdf
2025,징코모듈,탑솔라-징코 20MW 2025.11.18 (no-id),PL,PL 31464pcs.pdf,45893,2025년 모듈 발주\징코모듈\탑솔라\400MW 계약서 - 350MW 변경\탑솔라-징코 20MW 2025.11.18\PL 31464pcs.pdf
2025,징코모듈,DJSCNGB250024680,BL,DJSCNGB250024680_BL COPY.pdf,107834,2025년 모듈 발주\징코모듈\디원\선적서류\OneDrive_2025-12-09 디원 11502pcs  DJSCNGB250024680_BL\DJSCNGB250024680_BL COPY.pdf
2025,징코모듈,DJSCNGB250024680,CI,"CI_Theone_11,502pcs  수정.pdf",57334,"2025년 모듈 발주\징코모듈\디원\선적서류\OneDrive_2025-12-09 디원 11502pcs  DJSCNGB250024680_BL\CI_Theone_11,502pcs  수정.pdf"
2025,징코모듈,DJSCNGB250024680,CI,"CI_Theone_11,502pcs.pdf",172062,"2025년 모듈 발주\징코모듈\디원\선적서류\OneDrive_2025-12-09 디원 11502pcs  DJSCNGB250024680_BL\CI_Theone_11,502pcs.pdf"
2025,징코모듈,DJSCNGB250024680,PL,"PL_Theone_11,502pcs 수정.pdf",46652,"2025년 모듈 발주\징코모듈\디원\선적서류\OneDrive_2025-12-09 디원 11502pcs  DJSCNGB250024680_BL\PL_Theone_11,502pcs 수정.pdf"
2025,징코모듈,DJSCNGB250024680,PL,"PL_Theone_11,502pcs.pdf",170559,"2025년 모듈 발주\징코모듈\디원\선적서류\OneDrive_2025-12-09 디원 11502pcs  DJSCNGB250024680_BL\PL_Theone_11,502pcs.pdf"
2025,징코모듈,DJSCNGB250024685,BL,"BL_Theone_5,760pcs.pdf",827044,"2025년 모듈 발주\징코모듈\디원\선적서류\OneDrive_2025-12-09 디원  5760pcs DJSCNGB250024685\BL_Theone_5,760pcs.pdf"
2025,징코모듈,DJSCNGB250024685,CI,"CI_Theone_5,760pcs.pdf",56803,"2025년 모듈 발주\징코모듈\디원\선적서류\OneDrive_2025-12-09 디원  5760pcs DJSCNGB250024685\CI_Theone_5,760pcs.pdf"
2025,징코모듈,DJSCNGB250024685,PL,"PL_Theone_5,760pcs.pdf",45439,"2025년 모듈 발주\징코모듈\디원\선적서류\OneDrive_2025-12-09 디원  5760pcs DJSCNGB250024685\PL_Theone_5,760pcs.pdf"
2025,징코모듈,DJSCNGB250024687,BL,DJSCNGB250024687_BL COPY.pdf,112803,"2025년 모듈 발주\징코모듈\탑솔라\400MW 계약서 - 350MW 변경\징코-탑솔라 13,248pcs- 동진상선 DJSCNGB250024687\DJSCNGB250024687_BL COPY.pdf"
2025,징코모듈,DJSCNGB250024687,CI,"CI_13,248pcs.pdf",56065,"2025년 모듈 발주\징코모듈\탑솔라\400MW 계약서 - 350MW 변경\징코-탑솔라 13,248pcs- 동진상선 DJSCNGB250024687\CI_13,248pcs.pdf"
2025,징코모듈,DJSCNGB250024687,PL,"PL_13,248pcs.pdf",45445,"2025년 모듈 발주\징코모듈\탑솔라\400MW 계약서 - 350MW 변경\징코-탑솔라 13,248pcs- 동진상선 DJSCNGB250024687\PL_13,248pcs.pdf"
2025,징코모듈,DJSCNGB250024696,CI,3.8000322588-CUSTOMS-Z202512020148-2-CI.pdf,61067,"2025년 모듈 발주\징코모듈\탑솔라\400MW 계약서 - 350MW 변경\징코-탑솔라 11,772pcs\FW_ ZJNATP0006 8000322588,DJSCNGB250024696,QTY_11772 Pcs\3.8000322588-CUSTOMS-Z202512020148-2-CI.pdf"
2025,징코모듈,DJSCNGB250024696,PL,4.8000322588-CUSTOMS-Z202512020148-2-PL.pdf,45457,"2025년 모듈 발주\징코모듈\탑솔라\400MW 계약서 - 350MW 변경\징코-탑솔라 11,772pcs\FW_ ZJNATP0006 8000322588,DJSCNGB250024696,QTY_11772 Pcs\4.8000322588-CUSTOMS-Z202512020148-2-PL.pdf"
2025,징코모듈,"FW_ Re_ ZJNAHW002 8000325107,SNKO03K251102055,QTY_17280 PCS (no-id)",BL,SNKO03K251102055 BL (1).pdf,699208,"2025년 모듈 발주\징코모듈\화신이엔지\징코-화신 635WP 17280pcs SNKO03K251102055\FW_ Re_ ZJNAHW002 8000325107,SNKO03K251102055,QTY_17280 PCS\SNKO03K251102055 BL (1).pdf"
2025,징코모듈,"FW_ Re_ ZJNAHW002 8000325107,SNKO03K251102055,QTY_17280 PCS (no-id)",CI,1.8000325107-CUSTOMS-Z202512050197-2-CI.pdf,51756,"2025년 모듈 발주\징코모듈\화신이엔지\징코-화신 635WP 17280pcs SNKO03K251102055\FW_ Re_ ZJNAHW002 8000325107,SNKO03K251102055,QTY_17280 PCS\1.8000325107-CUSTOMS-Z202512050197-2-CI.pdf"
2025,징코모듈,"FW_ Re_ ZJNAHW002 8000325107,SNKO03K251102055,QTY_17280 PCS (no-id)",CI,SNKO03K251102055CI.pdf,97995,"2025년 모듈 발주\징코모듈\화신이엔지\징코-화신 635WP 17280pcs SNKO03K251102055\FW_ Re_ ZJNAHW002 8000325107,SNKO03K251102055,QTY_17280 PCS\SNKO03K251102055CI.pdf"
2025,징코모듈,"FW_ Re_ ZJNAHW002 8000325107,SNKO03K251102055,QTY_17280 PCS (no-id)",PL,3.8000325107-CUSTOMS-Z202512050197-2-PL.pdf,45953,"2025년 모듈 발주\징코모듈\화신이엔지\징코-화신 635WP 17280pcs SNKO03K251102055\FW_ Re_ ZJNAHW002 8000325107,SNKO03K251102055,QTY_17280 PCS\3.8000325107-CUSTOMS-Z202512050197-2-PL.pdf"
2025,징코모듈,"FW_ Re_ ZJNAHW002 8000325107,SNKO03K251102055,QTY_17280 PCS (no-id)",PL,SNKO03K251102055 PL.pdf,79578,"2025년 모듈 발주\징코모듈\화신이엔지\징코-화신 635WP 17280pcs SNKO03K251102055\FW_ Re_ ZJNAHW002 8000325107,SNKO03K251102055,QTY_17280 PCS\SNKO03K251102055 PL.pdf"
2025,징코모듈,FW_ ZJNAHW002 KR (no-id),CI,1.8000325101-CUSTOMS-Z202512050196-2-CI.pdf,52378,2025년 모듈 발주\징코모듈\화신이엔지\징코-화신 635WP 17280pcs  JWSH25120010\FW_ ZJNAHW002 KR\1.8000325101-CUSTOMS-Z202512050196-2-CI.pdf
2025,징코모듈,FW_ ZJNAHW002 KR (no-id),PL,3.8000325101-CUSTOMS-Z202512050196-2-PL.pdf,45416,2025년 모듈 발주\징코모듈\화신이엔지\징코-화신 635WP 17280pcs  JWSH25120010\FW_ ZJNAHW002 KR\3.8000325101-CUSTOMS-Z202512050196-2-PL.pdf
2025,징코모듈,HDMUSHAA28081200,CI,CI HDMUSHAA28081200 635W 17280pcs.pdf,327490,2025년 모듈 발주\징코모듈\탑솔라\170MW 계약 진행건 - 완료\170MW - 2차 개설 25MW)2025.03.19)\징코 17280pcs\CI HDMUSHAA28081200 635W 17280pcs.pdf
2025,징코모듈,HDMUSHAA28081200,OBL,OBL HDMUSHAA28081200 635W 17280pcs.pdf,793934,2025년 모듈 발주\징코모듈\탑솔라\170MW 계약 진행건 - 완료\170MW - 2차 개설 25MW)2025.03.19)\징코 17280pcs\OBL HDMUSHAA28081200 635W 17280pcs.pdf
2025,징코모듈,HDMUSHAA28081200,PL,PL HDMUSHAA28081200 635W 17280pcs.pdf,314375,2025년 모듈 발주\징코모듈\탑솔라\170MW 계약 진행건 - 완료\170MW - 2차 개설 25MW)2025.03.19)\징코 17280pcs\PL HDMUSHAA28081200 635W 17280pcs.pdf
2025,징코모듈,JWSH25070012,CI,JWSH25070012 CI.pdf,327485,2025년 모듈 발주\징코모듈\탑솔라\170MW 계약 진행건 - 완료\170MW - 5차 개설 63MW\33MW  2025.06.19  산업은행\JWSH25070012\JWSH25070012 CI.pdf
2025,징코모듈,JWSH25070012,OBL,JWSH25070012 OBL.pdf,809413,2025년 모듈 발주\징코모듈\탑솔라\170MW 계약 진행건 - 완료\170MW - 5차 개설 63MW\33MW  2025.06.19  산업은행\JWSH25070012\JWSH25070012 OBL.pdf
2025,징코모듈,JWSH25070012,PL,JWSH25070012 PL.pdf,319799,2025년 모듈 발주\징코모듈\탑솔라\170MW 계약 진행건 - 완료\170MW - 5차 개설 63MW\33MW  2025.06.19  산업은행\JWSH25070012\JWSH25070012 PL.pdf
2025,징코모듈,JWSH25070013,CI,JWSH25070013 CI.pdf,327485,2025년 모듈 발주\징코모듈\탑솔라\170MW 계약 진행건 - 완료\170MW - 5차 개설 63MW\33MW  2025.06.19  산업은행\JWSH25070013\JWSH25070013 CI.pdf
2025,징코모듈,JWSH25070013,OBL,JWSH25070013 OBL.pdf,805837,2025년 모듈 발주\징코모듈\탑솔라\170MW 계약 진행건 - 완료\170MW - 5차 개설 63MW\33MW  2025.06.19  산업은행\JWSH25070013\JWSH25070013 OBL.pdf
2025,징코모듈,JWSH25070013,PL,JWSH25070013 PL.pdf,319796,2025년 모듈 발주\징코모듈\탑솔라\170MW 계약 진행건 - 완료\170MW - 5차 개설 63MW\33MW  2025.06.19  산업은행\JWSH25070013\JWSH25070013 PL.pdf
2025,징코모듈,JWSH25070017,CI,JWSH25070017 CI.pdf,54871,2025년 모듈 발주\징코모듈\디원\선적서류\FW_ Re_ 진코 25Q3선적LC Re_ 7월선적스케줄 Re_ 선적납기  JWSH25070017\JWSH25070017 CI.pdf
2025,징코모듈,JWSH25070017,CI,JWSH25070017 CI.pdf,54871,2025년 모듈 발주\징코모듈\탑솔라\170MW 계약 진행건 - 완료\170MW - 5차 개설 63MW\JWSH25070017\JWSH25070017 CI.pdf
2025,징코모듈,JWSH25070017,OBL,JWSH25070017 OBL.pdf,836354,2025년 모듈 발주\징코모듈\디원\선적서류\FW_ Re_ 진코 25Q3선적LC Re_ 7월선적스케줄 Re_ 선적납기  JWSH25070017\JWSH25070017 OBL.pdf
2025,징코모듈,JWSH25070017,OBL,JWSH25070017 OBL.pdf,836354,2025년 모듈 발주\징코모듈\탑솔라\170MW 계약 진행건 - 완료\170MW - 5차 개설 63MW\JWSH25070017\JWSH25070017 OBL.pdf
2025,징코모듈,JWSH25070017,PL,JWSH25070017 PL.pdf,45473,2025년 모듈 발주\징코모듈\디원\선적서류\FW_ Re_ 진코 25Q3선적LC Re_ 7월선적스케줄 Re_ 선적납기  JWSH25070017\JWSH25070017 PL.pdf
2025,징코모듈,JWSH25070017,PL,JWSH25070017 PL.pdf,45473,2025년 모듈 발주\징코모듈\탑솔라\170MW 계약 진행건 - 완료\170MW - 5차 개설 63MW\JWSH25070017\JWSH25070017 PL.pdf
2025,징코모듈,JWSH25070018,CI,JWSH25070018 CI.pdf,54327,2025년 모듈 발주\징코모듈\디원\선적서류\FW_ Re_ 진코 25Q3선적LC Re_ 7월선적스케줄 Re_    JWSH25070018\JWSH25070018 CI.pdf
2025,징코모듈,JWSH25070018,CI,JWSH25070018 CI.pdf,54327,2025년 모듈 발주\징코모듈\탑솔라\170MW 계약 진행건 - 완료\170MW - 5차 개설 63MW\JWSH25070018\JWSH25070018 CI.pdf
2025,징코모듈,JWSH25070018,OBL,JWSH25070018 OBL.pdf,547290,2025년 모듈 발주\징코모듈\디원\선적서류\FW_ Re_ 진코 25Q3선적LC Re_ 7월선적스케줄 Re_    JWSH25070018\JWSH25070018 OBL.pdf
2025,징코모듈,JWSH25070018,OBL,JWSH25070018 OBL.pdf,547290,2025년 모듈 발주\징코모듈\탑솔라\170MW 계약 진행건 - 완료\170MW - 5차 개설 63MW\JWSH25070018\JWSH25070018 OBL.pdf
2025,징코모듈,JWSH25070018,PL,JWSH25070018 PL.pdf,45336,2025년 모듈 발주\징코모듈\디원\선적서류\FW_ Re_ 진코 25Q3선적LC Re_ 7월선적스케줄 Re_    JWSH25070018\JWSH25070018 PL.pdf
2025,징코모듈,JWSH25070018,PL,JWSH25070018 PL.pdf,45336,2025년 모듈 발주\징코모듈\탑솔라\170MW 계약 진행건 - 완료\170MW - 5차 개설 63MW\JWSH25070018\JWSH25070018 PL.pdf
2025,징코모듈,JWSH25070021,CI,JWSH25070021 CI.pdf,55084,2025년 모듈 발주\징코모듈\탑솔라\170MW 계약 진행건 - 완료\170MW - 5차 개설 63MW\JWSH25070021\JWSH25070021 CI.pdf
2025,징코모듈,JWSH25070021,OBL,JWSH25070021 OBL.pdf,537473,2025년 모듈 발주\징코모듈\탑솔라\170MW 계약 진행건 - 완료\170MW - 5차 개설 63MW\JWSH25070021\JWSH25070021 OBL.pdf
2025,징코모듈,JWSH25070021,PL,JWSH25070021 PL.pdf,44950,2025년 모듈 발주\징코모듈\탑솔라\170MW 계약 진행건 - 완료\170MW - 5차 개설 63MW\JWSH25070021\JWSH25070021 PL.pdf
2025,징코모듈,JWSH25070022,CI,JWSH25070022 CI.pdf,55186,2025년 모듈 발주\징코모듈\탑솔라\170MW 계약 진행건 - 완료\170MW - 5차 개설 63MW\33MW  2025.06.19  산업은행\징코 2025.7.15선적 JWSH25070022\JWSH25070022 CI.pdf
2025,징코모듈,JWSH25070022,OBL,JWSH25070022 OBL.pdf,857660,2025년 모듈 발주\징코모듈\탑솔라\170MW 계약 진행건 - 완료\170MW - 5차 개설 63MW\33MW  2025.06.19  산업은행\징코 2025.7.15선적 JWSH25070022\JWSH25070022 OBL.pdf
2025,징코모듈,JWSH25070022,PL,JWSH25070022 PL.pdf,45469,2025년 모듈 발주\징코모듈\탑솔라\170MW 계약 진행건 - 완료\170MW - 5차 개설 63MW\33MW  2025.06.19  산업은행\징코 2025.7.15선적 JWSH25070022\JWSH25070022 PL.pdf
2025,징코모듈,JWSH25070025,CI,JWSH25070025 CI.pdf,55168,2025년 모듈 발주\징코모듈\탑솔라\170MW 계약 진행건 - 완료\170MW - 5차 개설 63MW\JWSH25070025\JWSH25070025 CI.pdf
2025,징코모듈,JWSH25070025,OBL,JWSH25070025 OBL.pdf,830698,2025년 모듈 발주\징코모듈\탑솔라\170MW 계약 진행건 - 완료\170MW - 5차 개설 63MW\JWSH25070025\JWSH25070025 OBL.pdf
2025,징코모듈,JWSH25070025,PL,JWSH25070025 PL.pdf,45472,2025년 모듈 발주\징코모듈\탑솔라\170MW 계약 진행건 - 완료\170MW - 5차 개설 63MW\JWSH25070025\JWSH25070025 PL.pdf
2025,징코모듈,JWSH25070026,CI,JWSH25070026 CI.pdf,54342,2025년 모듈 발주\징코모듈\탑솔라\170MW 계약 진행건 - 완료\170MW - 6차 개설 24.3MW\JWSH25070026\JWSH25070026 CI.pdf
2025,징코모듈,JWSH25070026,OBL,JWSH25070026 OBL.pdf,788038,2025년 모듈 발주\징코모듈\탑솔라\170MW 계약 진행건 - 완료\170MW - 6차 개설 24.3MW\JWSH25070026\JWSH25070026 OBL.pdf
2025,징코모듈,JWSH25070026,PL,JWSH25070026 PL.pdf,45498,2025년 모듈 발주\징코모듈\탑솔라\170MW 계약 진행건 - 완료\170MW - 6차 개설 24.3MW\JWSH25070026\JWSH25070026 PL.pdf
2025,징코모듈,JWSH25080025,CI,JWSH25080025 CI.pdf,60993,"2025년 모듈 발주\징코모듈\탑솔라\170MW 계약 진행건 - 완료\170MW - 6차 개설 24.3MW\JWSH25080025,26\FW_ RE_ 진코 25Q3선적LC\JWSH25080025 CI.pdf"
2025,징코모듈,JWSH25080025,OBL,JWSH25080025 OBL.pdf,791854,"2025년 모듈 발주\징코모듈\탑솔라\170MW 계약 진행건 - 완료\170MW - 6차 개설 24.3MW\JWSH25080025,26\FW_ RE_ 진코 25Q3선적LC\JWSH25080025 OBL.pdf"
2025,징코모듈,JWSH25080025,PL,JWSH25080025 PL.pdf,45856,"2025년 모듈 발주\징코모듈\탑솔라\170MW 계약 진행건 - 완료\170MW - 6차 개설 24.3MW\JWSH25080025,26\FW_ RE_ 진코 25Q3선적LC\JWSH25080025 PL.pdf"
2025,징코모듈,JWSH25080026,CI,JWSH25080026 CI.pdf,60950,"2025년 모듈 발주\징코모듈\탑솔라\170MW 계약 진행건 - 완료\170MW - 6차 개설 24.3MW\JWSH25080025,26\FW_ RE_ 진코 25Q3선적LC\JWSH25080026 CI.pdf"
2025,징코모듈,JWSH25080026,OBL,JWSH25080026 OBL.pdf,577895,"2025년 모듈 발주\징코모듈\탑솔라\170MW 계약 진행건 - 완료\170MW - 6차 개설 24.3MW\JWSH25080025,26\FW_ RE_ 진코 25Q3선적LC\JWSH25080026 OBL.pdf"
2025,징코모듈,JWSH25080026,PL,JWSH25080026 Pl.pdf,45345,"2025년 모듈 발주\징코모듈\탑솔라\170MW 계약 진행건 - 완료\170MW - 6차 개설 24.3MW\JWSH25080025,26\FW_ RE_ 진코 25Q3선적LC\JWSH25080026 Pl.pdf"
2025,징코모듈,JWSH25080028,CI,JWSH25080028 CI.pdf,332628,2025년 모듈 발주\징코모듈\탑솔라\170MW 계약 진행건 - 완료\170MW - 6차 개설 24.3MW\징코모듈  ETD 8.31 17718pcs\JWSH25080028 CI.pdf
2025,징코모듈,JWSH25080028,OBL,JWSH25080028 OBL.pdf,854929,2025년 모듈 발주\징코모듈\탑솔라\170MW 계약 진행건 - 완료\170MW - 6차 개설 24.3MW\징코모듈  ETD 8.31 17718pcs\JWSH25080028 OBL.pdf
2025,징코모듈,JWSH25080028,PL,JWSH25080028 PL.pdf,326341,2025년 모듈 발주\징코모듈\탑솔라\170MW 계약 진행건 - 완료\170MW - 6차 개설 24.3MW\징코모듈  ETD 8.31 17718pcs\JWSH25080028 PL.pdf
2025,징코모듈,JWSH25090001,CI,JWSH25090001 CI.pdf,327492,2025년 모듈 발주\징코모듈\디원\선적서류\디원  11520pcs\JWSH25090001 CI.pdf
2025,징코모듈,JWSH25090001,OBL,JWSH25090001 OBL.pdf,791486,2025년 모듈 발주\징코모듈\디원\선적서류\디원  11520pcs\JWSH25090001 OBL.pdf
2025,징코모듈,JWSH25090001,PL,JWSH25090001 PL.pdf,320218,2025년 모듈 발주\징코모듈\디원\선적서류\디원  11520pcs\JWSH25090001 PL.pdf
2025,징코모듈,JWSH25090007,CI,JWSH25090007 CI.pdf,327492,2025년 모듈 발주\징코모듈\9월 징코모듈 선적서류\RE_ 진코솔라 9월 선적스케줄\디원\JWSH25090007 CI.pdf
2025,징코모듈,JWSH25090007,CI,JWSH25090007 CI.pdf,327492,2025년 모듈 발주\징코모듈\디원\선적서류\JWSH25090007 CI.pdf
2025,징코모듈,JWSH25090007,OBL,JWSH25090007 OBL.pdf,777135,2025년 모듈 발주\징코모듈\9월 징코모듈 선적서류\RE_ 진코솔라 9월 선적스케줄\디원\JWSH25090007 OBL.pdf
2025,징코모듈,JWSH25090007,OBL,JWSH25090007 OBL.pdf,777135,2025년 모듈 발주\징코모듈\디원\선적서류\JWSH25090007 OBL.pdf
2025,징코모듈,JWSH25090007,PL,JWSH25090007 PL.pdf,320225,2025년 모듈 발주\징코모듈\9월 징코모듈 선적서류\RE_ 진코솔라 9월 선적스케줄\디원\JWSH25090007 PL.pdf
2025,징코모듈,JWSH25090007,PL,JWSH25090007 PL.pdf,320225,2025년 모듈 발주\징코모듈\디원\선적서류\JWSH25090007 PL.pdf
2025,징코모듈,JWSH25090008,CI,JWSH25090008 CI.pdf,327492,2025년 모듈 발주\징코모듈\9월 징코모듈 선적서류\RE_ 진코솔라 9월 선적스케줄\디원\JWSH25090008 CI.pdf
2025,징코모듈,JWSH25090008,CI,JWSH25090008 CI.pdf,327492,2025년 모듈 발주\징코모듈\디원\선적서류\JWSH25090008 CI.pdf
2025,징코모듈,JWSH25090008,OBL,JWSH25090008 OBL.pdf,791846,2025년 모듈 발주\징코모듈\9월 징코모듈 선적서류\RE_ 진코솔라 9월 선적스케줄\디원\JWSH25090008 OBL.pdf
2025,징코모듈,JWSH25090008,OBL,JWSH25090008 OBL.pdf,791846,2025년 모듈 발주\징코모듈\디원\선적서류\JWSH25090008 OBL.pdf
2025,징코모듈,JWSH25090008,PL,JWSH25090008 PL.pdf,320218,2025년 모듈 발주\징코모듈\9월 징코모듈 선적서류\RE_ 진코솔라 9월 선적스케줄\디원\JWSH25090008 PL.pdf
2025,징코모듈,JWSH25090008,PL,JWSH25090008 PL.pdf,320218,2025년 모듈 발주\징코모듈\디원\선적서류\JWSH25090008 PL.pdf
2025,징코모듈,JWSH25090011,CI,JWSH25090011 CI.pdf,327494,2025년 모듈 발주\징코모듈\디원\선적서류\디원 9252pcs\JWSH25090011 CI.pdf
2025,징코모듈,JWSH25090011,OBL,JWSH25090011 OBL.pdf,784566,2025년 모듈 발주\징코모듈\디원\선적서류\디원 9252pcs\JWSH25090011 OBL.pdf
2025,징코모듈,JWSH25090011,PL,JWSH25090011 PL.pdf,320219,2025년 모듈 발주\징코모듈\디원\선적서류\디원 9252pcs\JWSH25090011 PL.pdf
2025,징코모듈,JWSH25090054,CI,JWSH25090054 CI.pdf,327589,2025년 모듈 발주\징코모듈\9월 징코모듈 선적서류\새 폴더\RE_ 진코솔라 9월 선적스케줄\JWSH25090054 CI.pdf
2025,징코모듈,JWSH25090054,OBL,JWSH25090054 OBL.pdf,772839,2025년 모듈 발주\징코모듈\9월 징코모듈 선적서류\새 폴더\RE_ 진코솔라 9월 선적스케줄\JWSH25090054 OBL.pdf
2025,징코모듈,JWSH25090054,PL,JWSH25090054 PL.pdf,319771,2025년 모듈 발주\징코모듈\9월 징코모듈 선적서류\새 폴더\RE_ 진코솔라 9월 선적스케줄\JWSH25090054 PL.pdf
2025,징코모듈,JWSH25090055,CI,JWSH25090055 CI.pdf,327592,2025년 모듈 발주\징코모듈\9월 징코모듈 선적서류\새 폴더\RE_ 진코솔라 9월 선적스케줄\JWSH25090055 CI.pdf
2025,징코모듈,JWSH25090055,OBL,JWSH25090055 OBL.pdf,821615,2025년 모듈 발주\징코모듈\9월 징코모듈 선적서류\새 폴더\RE_ 진코솔라 9월 선적스케줄\JWSH25090055 OBL.pdf
2025,징코모듈,JWSH25090055,PL,JWSH25090055 PL.pdf,319779,2025년 모듈 발주\징코모듈\9월 징코모듈 선적서류\새 폴더\RE_ 진코솔라 9월 선적스케줄\JWSH25090055 PL.pdf
2025,징코모듈,JWSH25090057,CI,JWSH25090057 CI.pdf,327595,2025년 모듈 발주\징코모듈\9월 징코모듈 선적서류\새 폴더\RE_ 진코솔라 9월 선적스케줄\JWSH25090057 CI.pdf
2025,징코모듈,JWSH25090057,OBL,JWSH25090057 OBL.pdf,799652,2025년 모듈 발주\징코모듈\9월 징코모듈 선적서류\새 폴더\RE_ 진코솔라 9월 선적스케줄\JWSH25090057 OBL.pdf
2025,징코모듈,JWSH25090057,PL,JWSH25090057 PL.pdf,319778,2025년 모듈 발주\징코모듈\9월 징코모듈 선적서류\새 폴더\RE_ 진코솔라 9월 선적스케줄\JWSH25090057 PL.pdf
2025,징코모듈,JWSH25120010,CI,"CI_17,280pcs.pdf",52378,"2025년 모듈 발주\징코모듈\화신이엔지\징코-화신 635WP 17280pcs  JWSH25120010\CI_17,280pcs.pdf"
2025,징코모듈,JWSH25120010,CI,JWSH25120010  CI.pdf,99904,2025년 모듈 발주\징코모듈\화신이엔지\징코-화신 635WP 17280pcs  JWSH25120010\FW_ ZJNAHW002 KR\JWSH25120010  CI.pdf
2025,징코모듈,JWSH25120010,OBL,2.JWSH25120010 OBL.pdf,834199,2025년 모듈 발주\징코모듈\화신이엔지\징코-화신 635WP 17280pcs  JWSH25120010\FW_ ZJNAHW002 KR\2.JWSH25120010 OBL.pdf
2025,징코모듈,JWSH25120010,PL,JWSH25120010 -PL.pdf,77848,2025년 모듈 발주\징코모듈\화신이엔지\징코-화신 635WP 17280pcs  JWSH25120010\FW_ ZJNAHW002 KR\JWSH25120010 -PL.pdf
2025,징코모듈,JWSH25120010,PL,"PL_17,280pcs.pdf",45416,"2025년 모듈 발주\징코모듈\화신이엔지\징코-화신 635WP 17280pcs  JWSH25120010\PL_17,280pcs.pdf"
2025,징코모듈,JWSH25120016,BL,"BL_4,284pcs JWSH25120016.pdf",533806,"2025년 모듈 발주\징코모듈\탑솔라\400MW 계약서 - 350MW 변경\징코-탑솔라 4284pcs-JWSH25120016\BL_4,284pcs JWSH25120016.pdf"
2025,징코모듈,JWSH25120016,CI,"CI_4,284pcs.pdf",55563,"2025년 모듈 발주\징코모듈\탑솔라\400MW 계약서 - 350MW 변경\징코-탑솔라 4284pcs-JWSH25120016\CI_4,284pcs.pdf"
2025,징코모듈,JWSH25120016,PL,"PL_4,284pcs.pdf",45454,"2025년 모듈 발주\징코모듈\탑솔라\400MW 계약서 - 350MW 변경\징코-탑솔라 4284pcs-JWSH25120016\PL_4,284pcs.pdf"
2025,징코모듈,JWSH25120029,CI,"CI_15,732pcs  수정본.pdf",54967,"2025년 모듈 발주\징코모듈\탑솔라\400MW 계약서 - 350MW 변경\징코-탑솔라 15732pcs-JWSH25120029\CI_15,732pcs  수정본.pdf"
2025,징코모듈,JWSH25120029,CI,"CI_15,732pcs.pdf",167014,"2025년 모듈 발주\징코모듈\탑솔라\400MW 계약서 - 350MW 변경\징코-탑솔라 15732pcs-JWSH25120029\CI_15,732pcs.pdf"
2025,징코모듈,JWSH25120029,PL,"PL_15,732pcs - 수정본.pdf",45457,"2025년 모듈 발주\징코모듈\탑솔라\400MW 계약서 - 350MW 변경\징코-탑솔라 15732pcs-JWSH25120029\PL_15,732pcs - 수정본.pdf"
2025,징코모듈,JWSH25120029,PL,"PL_15,732pcs.pdf",163628,"2025년 모듈 발주\징코모듈\탑솔라\400MW 계약서 - 350MW 변경\징코-탑솔라 15732pcs-JWSH25120029\PL_15,732pcs.pdf"
2025,징코모듈,JWSH25120034,BL,"BL_19,332pcs JWSH25120034.pdf",863402,"2025년 모듈 발주\징코모듈\탑솔라\400MW 계약서 - 350MW 변경\징코-탑솔라 19332pcs-JWSH25120034\RE_ [진코솔라코리아] Topsolar 52mw_CI,PL,FR 송부의 건\BL_19,332pcs JWSH25120034.pdf"
2025,징코모듈,LS2512293984,OBL,LS2512293984_OBL.pdf,442103,"2025년 모듈 발주\징코모듈\화신이엔지\론지-징코모듈SHADHG40310\THE ONE Co., Ltd_40HQ_17_LS2512293984_ATD12.29\LS2512293984_OBL.pdf"
2025,징코모듈,LS2512293984,PL,LS2512293984_CI&PL.pdf,66431,"2025년 모듈 발주\징코모듈\화신이엔지\론지-징코모듈SHADHG40310\THE ONE Co., Ltd_40HQ_17_LS2512293984_ATD12.29\LS2512293984_CI&PL.pdf"
2025,징코모듈,NBOA39932100,HBL,NBOA39932100_HBL扫描.pdf,653527,2025년 모듈 발주\징코모듈\탑솔라\170MW 계약 진행건 - 완료\170MW - 4차 개설 37MW(2025.04.07)\NBOZY6445100  16128pcs  SHKWA25011758\NBOA39932100_HBL扫描.pdf
2025,징코모듈,NBOZQ8C88100 (no-id),CI,NBOZQ8C88100 CI.pdf,54334,2025년 모듈 발주\징코모듈\탑솔라\170MW 계약 진행건 - 완료\170MW - 5차 개설 63MW\NBOZQ8C88100\NBOZQ8C88100 CI.pdf
2025,징코모듈,NBOZQ8C88100 (no-id),OBL,NBOZQ8C88100 OBL.pdf,680744,2025년 모듈 발주\징코모듈\탑솔라\170MW 계약 진행건 - 완료\170MW - 5차 개설 63MW\NBOZQ8C88100\NBOZQ8C88100 OBL.pdf
2025,징코모듈,NBOZQ8C88100 (no-id),PL,NBOZQ8C88100 PL.pdf,45472,2025년 모듈 발주\징코모듈\탑솔라\170MW 계약 진행건 - 완료\170MW - 5차 개설 63MW\NBOZQ8C88100\NBOZQ8C88100 PL.pdf
2025,징코모듈,NBOZY6445100,CI,NBOZY6445100 CI.pdf,327489,2025년 모듈 발주\징코모듈\탑솔라\170MW 계약 진행건 - 완료\170MW - 4차 개설 37MW(2025.04.07)\NBOZY6445100  16128pcs  SHKWA25011758\NBOZY6445100 CI.pdf
2025,징코모듈,NBOZY6445100,PL,NBOZY6445100 PL.pdf,312447,2025년 모듈 발주\징코모듈\탑솔라\170MW 계약 진행건 - 완료\170MW - 4차 개설 37MW(2025.04.07)\NBOZY6445100  16128pcs  SHKWA25011758\NBOZY6445100 PL.pdf
2025,징코모듈,OneDrive_2025-12-09 디원  11520pcs (no-id),BL,"BL_Theone_11,520pcs 수정.pdf",126176,"2025년 모듈 발주\징코모듈\디원\선적서류\OneDrive_2025-12-09 디원  11520pcs\BL_Theone_11,520pcs 수정.pdf"
2025,징코모듈,OneDrive_2025-12-09 디원  11520pcs (no-id),BL,"BL_Theone_11,520pcs.pdf",87966,"2025년 모듈 발주\징코모듈\디원\선적서류\OneDrive_2025-12-09 디원  11520pcs\BL_Theone_11,520pcs.pdf"
2025,징코모듈,OneDrive_2025-12-09 디원  11520pcs (no-id),CI,"CI_Theone_11,520pcs.pdf",56266,"2025년 모듈 발주\징코모듈\디원\선적서류\OneDrive_2025-12-09 디원  11520pcs\CI_Theone_11,520pcs.pdf"
2025,징코모듈,OneDrive_2025-12-09 디원  11520pcs (no-id),PL,"PL_Theone_11,520pcs.pdf",45443,"2025년 모듈 발주\징코모듈\디원\선적서류\OneDrive_2025-12-09 디원  11520pcs\PL_Theone_11,520pcs.pdf"
2025,징코모듈,"RE_ [진코솔라코리아] Topsolar 52mw_CI,PL,FR 송부의 건 (no-id)",CI,"CI_19,332pcs.pdf",60964,"2025년 모듈 발주\징코모듈\탑솔라\400MW 계약서 - 350MW 변경\징코-탑솔라 19332pcs-JWSH25120034\RE_ [진코솔라코리아] Topsolar 52mw_CI,PL,FR 송부의 건\CI_19,332pcs.pdf"
2025,징코모듈,"RE_ [진코솔라코리아] Topsolar 52mw_CI,PL,FR 송부의 건 (no-id)",PL,"PL_19,332pcs.pdf",46007,"2025년 모듈 발주\징코모듈\탑솔라\400MW 계약서 - 350MW 변경\징코-탑솔라 19332pcs-JWSH25120034\RE_ [진코솔라코리아] Topsolar 52mw_CI,PL,FR 송부의 건\PL_19,332pcs.pdf"
2025,징코모듈,"RE_ [진코솔라코리아] Topsolar CI, PL, FR 송부의 건 (1) (no-id)",BL,"BL_11,772pcs.pdf",871877,"2025년 모듈 발주\징코모듈\탑솔라\400MW 계약서 - 350MW 변경\징코-탑솔라 11,772pcs\RE_ [진코솔라코리아] Topsolar CI, PL, FR 송부의 건 (1)\RE_ [진코솔라코리아] Topsolar CI, PL, FR 송부의 건 (1)\BL_11,772pcs.pdf"
2025,징코모듈,"RE_ [진코솔라코리아] Topsolar CI, PL, FR 송부의 건 (1) (no-id)",CI,"CI_11,772pcs.pdf",61067,"2025년 모듈 발주\징코모듈\탑솔라\400MW 계약서 - 350MW 변경\징코-탑솔라 11,772pcs\RE_ [진코솔라코리아] Topsolar CI, PL, FR 송부의 건 (1)\CI_11,772pcs.pdf"
2025,징코모듈,"RE_ [진코솔라코리아] Topsolar CI, PL, FR 송부의 건 (1) (no-id)",CI,"CI_11,772pcs.pdf",61067,"2025년 모듈 발주\징코모듈\탑솔라\400MW 계약서 - 350MW 변경\징코-탑솔라 11,772pcs\RE_ [진코솔라코리아] Topsolar CI, PL, FR 송부의 건 (1)\RE_ [진코솔라코리아] Topsolar CI, PL, FR 송부의 건 (1)\CI_11,772pcs.pdf"
2025,징코모듈,"RE_ [진코솔라코리아] Topsolar CI, PL, FR 송부의 건 (1) (no-id)",PL,"PL_11,772pcs.pdf",45457,"2025년 모듈 발주\징코모듈\탑솔라\400MW 계약서 - 350MW 변경\징코-탑솔라 11,772pcs\RE_ [진코솔라코리아] Topsolar CI, PL, FR 송부의 건 (1)\PL_11,772pcs.pdf"
2025,징코모듈,"RE_ [진코솔라코리아] Topsolar CI, PL, FR 송부의 건 (1) (no-id)",PL,"PL_11,772pcs.pdf",45457,"2025년 모듈 발주\징코모듈\탑솔라\400MW 계약서 - 350MW 변경\징코-탑솔라 11,772pcs\RE_ [진코솔라코리아] Topsolar CI, PL, FR 송부의 건 (1)\RE_ [진코솔라코리아] Topsolar CI, PL, FR 송부의 건 (1)\PL_11,772pcs.pdf"
2025,징코모듈,"RE_ [진코솔라코리아] Topsolar CI, PL, FR 송부의 건 (no-id)",CI,"CI_17,532pcs.pdf",60414,"2025년 모듈 발주\징코모듈\탑솔라\400MW 계약서 - 350MW 변경\징코-탑솔라 17,532pcs  SELYIT256012\RE_ [진코솔라코리아] Topsolar CI, PL, FR 송부의 건\CI_17,532pcs.pdf"
2025,징코모듈,"RE_ [진코솔라코리아] Topsolar CI, PL, FR 송부의 건 (no-id)",PL,"PL_17,532pcs.pdf",45475,"2025년 모듈 발주\징코모듈\탑솔라\400MW 계약서 - 350MW 변경\징코-탑솔라 17,532pcs  SELYIT256012\RE_ [진코솔라코리아] Topsolar CI, PL, FR 송부의 건\PL_17,532pcs.pdf"
2025,징코모듈,RE_ [Topsolar] Topsolar 310mw+Hwasin 40mw+Theone18mw 관련 진행상황  5760pcs (no-id),BL,251201_Theone_5760pcs BL.pdf,827044,2025년 모듈 발주\징코모듈\디원\디원 18MW - 11502pcs\RE_ [Topsolar] Topsolar 310mw+Hwasin 40mw+Theone18mw 관련 진행상황  5760pcs\251201_Theone_5760pcs BL.pdf
2025,징코모듈,RE_ [Topsolar] Topsolar 310mw+Hwasin 40mw+Theone18mw 관련 진행상황  5760pcs (no-id),CI,251201_Theone_5760pcs CI.pdf,56803,2025년 모듈 발주\징코모듈\디원\디원 18MW - 11502pcs\RE_ [Topsolar] Topsolar 310mw+Hwasin 40mw+Theone18mw 관련 진행상황  5760pcs\251201_Theone_5760pcs CI.pdf
2025,징코모듈,RE_ [Topsolar] Topsolar 310mw+Hwasin 40mw+Theone18mw 관련 진행상황  5760pcs (no-id),PL,251201_Theone_5760pcs PL.pdf,45439,2025년 모듈 발주\징코모듈\디원\디원 18MW - 11502pcs\RE_ [Topsolar] Topsolar 310mw+Hwasin 40mw+Theone18mw 관련 진행상황  5760pcs\251201_Theone_5760pcs PL.pdf
2025,징코모듈,SELYIT256012,BL,"BL_17,532pcs  SELYIT256012.pdf",983299,"2025년 모듈 발주\징코모듈\탑솔라\400MW 계약서 - 350MW 변경\징코-탑솔라 17,532pcs  SELYIT256012\RE_ [진코솔라코리아] Topsolar CI, PL, FR 송부의 건\BL_17,532pcs  SELYIT256012.pdf"
2025,징코모듈,SELYIT256012,CI,"CI_17,532pcs.pdf",60414,"2025년 모듈 발주\징코모듈\탑솔라\400MW 계약서 - 350MW 변경\징코-탑솔라 17,532pcs  SELYIT256012\CI_17,532pcs.pdf"
2025,징코모듈,SHKWA25009166,BL,MX-M5658N_20250523_141424 O BL.pdf,717342,2025년 모듈 발주\징코모듈\탑솔라\170MW 계약 진행건 - 완료\170MW - 3차 개설 5.5MW(2025.04.04)\635WP  8640pcs SHKWA25009166  (2025.05.22)\MX-M5658N_20250523_141424 O BL.pdf
2025,징코모듈,SHKWA25009166,BL,SHKWA25009166 BL draft.pdf,183538,2025년 모듈 발주\징코모듈\탑솔라\170MW 계약 진행건 - 완료\170MW - 3차 개설 5.5MW(2025.04.04)\635WP  8640pcs SHKWA25009166  (2025.05.22)\SHKWA25009166 BL draft.pdf
2025,징코모듈,SHKWA25009166,CI,SHKWA25009166 CI.pdf,327487,2025년 모듈 발주\징코모듈\탑솔라\170MW 계약 진행건 - 완료\170MW - 3차 개설 5.5MW(2025.04.04)\635WP  8640pcs SHKWA25009166  (2025.05.22)\SHKWA25009166 CI.pdf
2025,징코모듈,SHKWA25009166,PL,SHKWA25009166 PL.pdf,314369,2025년 모듈 발주\징코모듈\탑솔라\170MW 계약 진행건 - 완료\170MW - 3차 개설 5.5MW(2025.04.04)\635WP  8640pcs SHKWA25009166  (2025.05.22)\SHKWA25009166 PL.pdf
2025,징코모듈,SHKWA25010062,CI,SHKWA25010062 CI.pdf,327488,"2025년 모듈 발주\징코모듈\탑솔라\170MW 계약 진행건 - 완료\170MW - 4차 개설 37MW(2025.04.07)\징코 10MW(16,128pcs) 2025.06.02 SHKWA25010062\SHKWA25010062 CI.pdf"
2025,징코모듈,SHKWA25010062,OBL,SHKWA25010062 OBL.pdf,663205,"2025년 모듈 발주\징코모듈\탑솔라\170MW 계약 진행건 - 완료\170MW - 4차 개설 37MW(2025.04.07)\징코 10MW(16,128pcs) 2025.06.02 SHKWA25010062\SHKWA25010062 OBL.pdf"
2025,징코모듈,SHKWA25010062,PL,SHKWA25010062 PL.pdf,312447,"2025년 모듈 발주\징코모듈\탑솔라\170MW 계약 진행건 - 완료\170MW - 4차 개설 37MW(2025.04.07)\징코 10MW(16,128pcs) 2025.06.02 SHKWA25010062\SHKWA25010062 PL.pdf"
2025,징코모듈,SHKWA25019106,BL,SHKWA25019106 BL update.PDF,293787,2025년 모듈 발주\징코모듈\9월 징코모듈 선적서류\RE_ 진코솔라 9월 선적스케줄\SHKWA25019106 BL update.PDF
2025,징코모듈,SHKWA25019106,BL,SHKWA25019106 BL.pdf,43083,2025년 모듈 발주\징코모듈\9월 징코모듈 선적서류\RE_ 진코솔라 9월 선적스케줄\SHKWA25019106 BL.pdf
2025,징코모듈,SHKWA25019106,CI,SHKWA25019106 CI.pdf,327590,2025년 모듈 발주\징코모듈\9월 징코모듈 선적서류\RE_ 진코솔라 9월 선적스케줄\SHKWA25019106 CI.pdf
2025,징코모듈,SHKWA25019106,HBL,SHKWA25019106 HBL.pdf,955898,2025년 모듈 발주\징코모듈\9월 징코모듈 선적서류\RE_ 진코솔라 9월 선적스케줄\SHKWA25019106 HBL.pdf
2025,징코모듈,SHKWA25019106,PL,SHKWA25019106 PL.pdf,319780,2025년 모듈 발주\징코모듈\9월 징코모듈 선적서류\RE_ 진코솔라 9월 선적스케줄\SHKWA25019106 PL.pdf
2025,징코모듈,SHKWA25019107,BL,SHKWA25019107 BL.pdf,288146,2025년 모듈 발주\징코모듈\9월 징코모듈 선적서류\RE_ 진코솔라 9월 선적스케줄\SHKWA25019107 BL.pdf
2025,징코모듈,SHKWA25019107,CI,SHKWA25019107 CI.pdf,327589,2025년 모듈 발주\징코모듈\9월 징코모듈 선적서류\RE_ 진코솔라 9월 선적스케줄\SHKWA25019107 CI.pdf
2025,징코모듈,SHKWA25019107,HBL,SHKWA25019107 HBL.pdf,378075,2025년 모듈 발주\징코모듈\9월 징코모듈 선적서류\RE_ 진코솔라 9월 선적스케줄\SHKWA25019107 HBL.pdf
2025,징코모듈,SHKWA25019107,PL,SHKWA25019107 PL.pdf,319771,2025년 모듈 발주\징코모듈\9월 징코모듈 선적서류\RE_ 진코솔라 9월 선적스케줄\SHKWA25019107 PL.pdf
2025,징코모듈,SHKWA25019109,BL,SHKWA25019109 BL.pdf,281482,2025년 모듈 발주\징코모듈\9월 징코모듈 선적서류\RE_ 진코솔라 9월 선적스케줄\SHKWA25019109 BL.pdf
2025,징코모듈,SHKWA25019109,CI,SHKWA25019109 CI.pdf,327590,2025년 모듈 발주\징코모듈\9월 징코모듈 선적서류\RE_ 진코솔라 9월 선적스케줄\SHKWA25019109 CI.pdf
2025,징코모듈,SHKWA25019109,HBL,SHKWA25019109 HBL.pdf,980684,2025년 모듈 발주\징코모듈\9월 징코모듈 선적서류\RE_ 진코솔라 9월 선적스케줄\SHKWA25019109 HBL.pdf
2025,징코모듈,SHKWA25019109,PL,SHKWA25019109 PL.pdf,319772,2025년 모듈 발주\징코모듈\9월 징코모듈 선적서류\RE_ 진코솔라 9월 선적스케줄\SHKWA25019109 PL.pdf
2025,징코모듈,SHKWA25019765,CI,SHKWA25019765 CI.pdf,54962,2025년 모듈 발주\징코모듈\9월 징코모듈 선적서류\RE_ 진코솔라 9월 선적스케줄 (마지막 선적)\SHKWA25019765 CI.pdf
2025,징코모듈,SHKWA25019765,OBL,SHKWA25019765 OBL.pdf,609882,2025년 모듈 발주\징코모듈\9월 징코모듈 선적서류\RE_ 진코솔라 9월 선적스케줄 (마지막 선적)\SHKWA25019765 OBL.pdf
2025,징코모듈,SHKWA25019765,PL,SHKWA25019765 PL.pdf,45903,2025년 모듈 발주\징코모듈\9월 징코모듈 선적서류\RE_ 진코솔라 9월 선적스케줄 (마지막 선적)\SHKWA25019765 PL.pdf
2025,징코모듈,SHKWA25019767,CI,SHKWA25019767 CI.pdf,54981,2025년 모듈 발주\징코모듈\9월 징코모듈 선적서류\RE_ 진코솔라 9월 선적스케줄 (마지막 선적)\SHKWA25019767 CI.pdf
2025,징코모듈,SHKWA25019767,OBL,SHKWA25019767 OBL.pdf,613574,2025년 모듈 발주\징코모듈\9월 징코모듈 선적서류\RE_ 진코솔라 9월 선적스케줄 (마지막 선적)\SHKWA25019767 OBL.pdf
2025,징코모듈,SHKWA25019767,PL,SHKWA25019767 PL.pdf,45376,2025년 모듈 발주\징코모듈\9월 징코모듈 선적서류\RE_ 진코솔라 9월 선적스케줄 (마지막 선적)\SHKWA25019767 PL.pdf
2025,징코모듈,SHKWA25019768,CI,SHKWA25019768 CI.pdf,61827,2025년 모듈 발주\징코모듈\9월 징코모듈 선적서류\RE_ 진코솔라 9월 선적스케줄 (마지막 선적)\하나은행\SHKWA25019768 CI.pdf
2025,징코모듈,SHKWA25019768,OBL,SHKWA25019768 OBL.pdf,406432,2025년 모듈 발주\징코모듈\9월 징코모듈 선적서류\RE_ 진코솔라 9월 선적스케줄 (마지막 선적)\하나은행\SHKWA25019768 OBL.pdf
2025,징코모듈,SHKWA25019768,PL,SHKWA25019768 PL.pdf,45368,2025년 모듈 발주\징코모듈\9월 징코모듈 선적서류\RE_ 진코솔라 9월 선적스케줄 (마지막 선적)\하나은행\SHKWA25019768 PL.pdf
2025,징코모듈,SHPUS25011179,CI,SHPUS25011179 CI.pdf,327488,"2025년 모듈 발주\징코모듈\탑솔라\170MW 계약 진행건 - 완료\170MW - 4차 개설 37MW(2025.04.07)\징코 10.97MW  (17,280pcs)  2025.06.08선적 SHPUS25011179\SHPU25011179   17280pcs\SHPUS25011179 CI.pdf"
2025,징코모듈,SHPUS25011179,OBL,SHPUS25011179 OBL.pdf,1675264,"2025년 모듈 발주\징코모듈\탑솔라\170MW 계약 진행건 - 완료\170MW - 4차 개설 37MW(2025.04.07)\징코 10.97MW  (17,280pcs)  2025.06.08선적 SHPUS25011179\SHPU25011179   17280pcs\SHPUS25011179 OBL.pdf"
2025,징코모듈,SHPUS25011179,PL,SHPUS25011179 PL.pdf,312449,"2025년 모듈 발주\징코모듈\탑솔라\170MW 계약 진행건 - 완료\170MW - 4차 개설 37MW(2025.04.07)\징코 10.97MW  (17,280pcs)  2025.06.08선적 SHPUS25011179\SHPU25011179   17280pcs\SHPUS25011179 PL.pdf"
2025,징코모듈,TMNBKPTR9924001,BL,提单_北亚区_出口_TMNBKPTR9924001_20251217 JWSH25120029.pdf,830281,2025년 모듈 발주\징코모듈\탑솔라\400MW 계약서 - 350MW 변경\징코-탑솔라 15732pcs-JWSH25120029\提单_北亚区_出口_TMNBKPTR9924001_20251217 JWSH25120029.pdf
2025,트리나,"TOPSOLAR 2507-TSI-09808-00 (1-1) 700W 7,128pcs (no-id)",BL,TED-2507-09808-01-12-EASPH2539SK6006_BL (스캔본).PDF,1316610,"2025년 모듈 발주\트리나\1차 PI 50MW\트리나 1차물량 선적-하나은행 개설\TOPSOLAR 2507-TSI-09808 (1차 물량)\TOPSOLAR 2507-TSI-09808-00 (1-1) 700W 7,128pcs\TED-2507-09808-01-12-EASPH2539SK6006_BL (스캔본).PDF"
2025,트리나,"TOPSOLAR 2507-TSI-09808-00 (1-1) 700W 7,128pcs (no-id)",BL,TED-2507-09808-01-12-EASPH2539SK6006_BL.pdf,1738321,"2025년 모듈 발주\트리나\1차 PI 50MW\트리나 1차물량 선적-하나은행 개설\TOPSOLAR 2507-TSI-09808 (1차 물량)\TOPSOLAR 2507-TSI-09808-00 (1-1) 700W 7,128pcs\TED-2507-09808-01-12-EASPH2539SK6006_BL.pdf"
2025,트리나,"TOPSOLAR 2507-TSI-09808-00 (1-1) 700W 7,128pcs (no-id)",PL,TED-2507-09808-01-12-CIPL.pdf,342975,"2025년 모듈 발주\트리나\1차 PI 50MW\트리나 1차물량 선적-하나은행 개설\TOPSOLAR 2507-TSI-09808 (1차 물량)\TOPSOLAR 2507-TSI-09808-00 (1-1) 700W 7,128pcs\TED-2507-09808-01-12-CIPL.pdf"
2025,트리나,"TOPSOLAR 2507-TSI-09808-00 (1-2) 710W 14,091pcs (no-id)",BL,TED-2507-09808-13-36-BL.pdf,3706593,"2025년 모듈 발주\트리나\1차 PI 50MW\트리나 1차물량 선적-하나은행 개설\TOPSOLAR 2507-TSI-09808 (1차 물량)\TOPSOLAR 2507-TSI-09808-00 (1-2) 710W 14,091pcs\TED-2507-09808-13-36-BL.pdf"
2025,트리나,"TOPSOLAR 2507-TSI-09808-00 (1-2) 710W 14,091pcs (no-id)",PL,TED-2507-09808-13-36-CIPL.pdf,354572,"2025년 모듈 발주\트리나\1차 PI 50MW\트리나 1차물량 선적-하나은행 개설\TOPSOLAR 2507-TSI-09808 (1차 물량)\TOPSOLAR 2507-TSI-09808-00 (1-2) 710W 14,091pcs\TED-2507-09808-13-36-CIPL.pdf"
2025,트리나,"TOPSOLAR 2507-TSI-09808-00 (1-2) 710W 14,091pcs (no-id)",PL,TED-2507-09808-13-36LC_CI&PL (통관용 무상 제품 단가 기재).pdf,39676,"2025년 모듈 발주\트리나\1차 PI 50MW\트리나 1차물량 선적-하나은행 개설\TOPSOLAR 2507-TSI-09808 (1차 물량)\TOPSOLAR 2507-TSI-09808-00 (1-2) 710W 14,091pcs\TED-2507-09808-13-36LC_CI&PL (통관용 무상 제품 단가 기재).pdf"
2025,트리나,"TOPSOLAR 2507-TSI-09808-00 (2-1) 710W 21,384pcs (no-id)",BL,TED-2507-09808-37-72-BL.pdf,718214,"2025년 모듈 발주\트리나\1차 PI 50MW\30MW - 국민은행개설\15MW선적\TOPSOLAR 2507-TSI-09808-00 (2-1) 710W 21,384pcs\TED-2507-09808-37-72-BL.pdf"
2025,트리나,"TOPSOLAR 2507-TSI-09808-00 (2-1) 710W 21,384pcs (no-id)",PL,TED-2507-09808-37-72-CIPL.pdf,357721,"2025년 모듈 발주\트리나\1차 PI 50MW\30MW - 국민은행개설\15MW선적\TOPSOLAR 2507-TSI-09808-00 (2-1) 710W 21,384pcs\TED-2507-09808-37-72-CIPL.pdf"
2025,트리나,"TOPSOLAR 2507-TSI-09808-00 (2-1) 710W 21,384pcs (no-id)",PL,TED-2507-09808-37-72LC_CI&PL 통관용.pdf,39704,"2025년 모듈 발주\트리나\1차 PI 50MW\30MW - 국민은행개설\15MW선적\TOPSOLAR 2507-TSI-09808-00 (2-1) 710W 21,384pcs\TED-2507-09808-37-72LC_CI&PL 통관용.pdf"
2025,트리나,"TOPSOLAR 2507-TSI-09808-00 (2-2) 720W 10,692pcs - 18컨 (no-id)",BL,"TED-2507-09808-73-90,108-BL.pdf",588702,"2025년 모듈 발주\트리나\1차 PI 50MW\30MW - 국민은행개설\트리나 720Wp 10692pcs\TOPSOLAR 2507-TSI-09808-00 (2-2) 720W 10,692pcs - 18컨\TED-2507-09808-73-90,108-BL.pdf"
2025,트리나,"TOPSOLAR 2507-TSI-09808-00 (2-2) 720W 10,692pcs - 18컨 (no-id)",PL,"TED-2507-09808-73-90,108CIPL.pdf",355988,"2025년 모듈 발주\트리나\1차 PI 50MW\30MW - 국민은행개설\트리나 720Wp 10692pcs\TOPSOLAR 2507-TSI-09808-00 (2-2) 720W 10,692pcs - 18컨\TED-2507-09808-73-90,108CIPL.pdf"
2025,트리나,"TOPSOLAR 2507-TSI-09808-00 (2-2) 720W 10,692pcs - 18컨 (no-id)",PL,"TED-2507-09808-73-90,108LC_CI&PL-통관용 단가 기재.pdf",40174,"2025년 모듈 발주\트리나\1차 PI 50MW\30MW - 국민은행개설\트리나 720Wp 10692pcs\TOPSOLAR 2507-TSI-09808-00 (2-2) 720W 10,692pcs - 18컨\TED-2507-09808-73-90,108LC_CI&PL-통관용 단가 기재.pdf"
2025,트리나,"TOPSOLAR 2507-TSI-09808-00 (2-3) 720W 10,131pcs (no-id)",BL,TED-2507-09808-91-108BL.pdf,282967,"2025년 모듈 발주\트리나\1차 PI 50MW\30MW - 국민은행개설\트리나 720WP 7.3MW\TOPSOLAR 2507-TSI-09808-00 (2-3) 720W 10,131pcs\TED-2507-09808-91-108BL.pdf"
2025,트리나,"TOPSOLAR 2507-TSI-09808-00 (2-3) 720W 10,131pcs (no-id)",BL,TED-2507-09808-91-108BL.pdf,282967,"2025년 모듈 발주\트리나\1차 PI 50MW\TOPSOLAR 2507-TSI-09808-00 (2-3) 720W 10,131pcs\TED-2507-09808-91-108BL.pdf"
2025,트리나,"TOPSOLAR 2507-TSI-09808-00 (2-3) 720W 10,131pcs (no-id)",PL,TED-2507-09808-91-108CIPL.pdf,353881,"2025년 모듈 발주\트리나\1차 PI 50MW\30MW - 국민은행개설\트리나 720WP 7.3MW\TOPSOLAR 2507-TSI-09808-00 (2-3) 720W 10,131pcs\TED-2507-09808-91-108CIPL.pdf"
2025,트리나,"TOPSOLAR 2507-TSI-09808-00 (2-3) 720W 10,131pcs (no-id)",PL,TED-2507-09808-91-108CIPL.pdf,353881,"2025년 모듈 발주\트리나\1차 PI 50MW\TOPSOLAR 2507-TSI-09808-00 (2-3) 720W 10,131pcs\TED-2507-09808-91-108CIPL.pdf"
2025,트리나,"TOPSOLAR 2507-TSI-09808-00 (3) 720W 6,699pcs_short cable (no-id)",BL,TED-2507-09808-04-BL.pdf,729870,"2025년 모듈 발주\트리나\1차 PI 50MW\트리나 6699pcs\TOPSOLAR 2507-TSI-09808-00 (3) 720W 6,699pcs_short cable\TED-2507-09808-04-BL.pdf"
2025,트리나,"TOPSOLAR 2507-TSI-09808-00 (3) 720W 6,699pcs_short cable (no-id)",PL,TED-2507-09808-04-CIPL.pdf,358804,"2025년 모듈 발주\트리나\1차 PI 50MW\트리나 6699pcs\TOPSOLAR 2507-TSI-09808-00 (3) 720W 6,699pcs_short cable\TED-2507-09808-04-CIPL.pdf"
2025,트리나,"TOPSOLAR 2507-TSI-09808-00 (3) 720W 6,699pcs_short cable (no-id)",PL,TED-2507-09808-04LC_CI&PL-통관용.pdf,40156,"2025년 모듈 발주\트리나\1차 PI 50MW\트리나 6699pcs\TOPSOLAR 2507-TSI-09808-00 (3) 720W 6,699pcs_short cable\TED-2507-09808-04LC_CI&PL-통관용.pdf"
2025,JA솔라 모듈,1차선적 635WP 6293pcs(2025.06.29) (no-id),CI,Commercial Invoice (to Top Solar)_2025 06 30.pdf,399204,2025년 모듈 발주\JA솔라 모듈\KNK\70MW 발주\9MW 선적진행\1차선적 635WP 6293pcs(2025.06.29)\Commercial Invoice (to Top Solar)_2025 06 30.pdf
2025,JA솔라 모듈,1차선적 635WP 6293pcs(2025.06.29) (no-id),PL,Packing List (to Top Solar)_2025 06 30_v2.pdf,398608,2025년 모듈 발주\JA솔라 모듈\KNK\70MW 발주\9MW 선적진행\1차선적 635WP 6293pcs(2025.06.29)\Packing List (to Top Solar)_2025 06 30_v2.pdf
2025,JA솔라 모듈,KNKE20250724,PL,Packing_list_(KNK~TOP_SOLAR)_KNKE20250724_(5MW).pdf,398693,2025년 모듈 발주\JA솔라 모듈\KNK\70MW 발주\JA솔라(PCCLBL001250720)\Packing_list_(KNK~TOP_SOLAR)_KNKE20250724_(5MW).pdf
2026,라이젠에너지,라이젠 30MW 진행건 (no-id),PL,RSPN260416CI&PL V.pdf,100652,2026년 모듈 발주\라이젠에너지\라이젠 30MW 진행건\RSPN260416CI&PL V.pdf
2026,라이젠에너지,라이젠 635WP 15MW 선적서류 2026.05.06 (no-id),PL,RSPN260416CI&PL.pdf,112678,2026년 모듈 발주\라이젠에너지\라이젠 30MW 진행건\라이젠 635WP 15MW 선적서류 2026.05.06\RSPN260416CI&PL.pdf
2026,라이젠에너지,RSPN260416,BL,RSPN260416   BL DRAFT.pdf,4100752,2026년 모듈 발주\라이젠에너지\라이젠 30MW 진행건\RSPN260416   BL DRAFT.pdf
2026,라이젠에너지,RSPN260416,BL,RSPN260416 BL NBOZK6Q52100 ATD5.1.pdf,240386,2026년 모듈 발주\라이젠에너지\라이젠 30MW 진행건\라이젠 635WP 15MW 선적서류 2026.05.06\RSPN260416 BL NBOZK6Q52100 ATD5.1.pdf
2026,징코솔라,[TOPSOLAR] MCKRJH25Q301_4 9차 자료 (no-id),BL,"BL_17,000pcs.pdf",120937,"2026년 모듈 발주\징코솔라\선적서류\[TOPSOLAR] MCKRJH25Q301_4 9차 자료\BL_17,000pcs.pdf"
2026,징코솔라,[TOPSOLAR] MCKRJH25Q301_4 9차 자료 (no-id),CI,"CI_17,000pcs.pdf",57729,"2026년 모듈 발주\징코솔라\선적서류\[TOPSOLAR] MCKRJH25Q301_4 9차 자료\CI_17,000pcs.pdf"
2026,징코솔라,[TOPSOLAR] MCKRJH25Q301_4 9차 자료 (no-id),PL,"PL_17,000pcs.pdf",46512,"2026년 모듈 발주\징코솔라\선적서류\[TOPSOLAR] MCKRJH25Q301_4 9차 자료\PL_17,000pcs.pdf"
2026,징코솔라,"CIPL 20차 9.8MW=15,552pcs ETD 03-15 (no-id)",BL,"BL_15,552pcs.pdf",113169,"2026년 모듈 발주\징코솔라\선적서류\CIPLBL_20,23,24차\CIPL 20차 9.8MW=15,552pcs ETD 03-15\BL_15,552pcs.pdf"
2026,징코솔라,"CIPL 20차 9.8MW=15,552pcs ETD 03-15 (no-id)",CI,"CI_15,552pcs.pdf",55433,"2026년 모듈 발주\징코솔라\선적서류\CIPLBL_20,23,24차\CIPL 20차 9.8MW=15,552pcs ETD 03-15\CI_15,552pcs.pdf"
2026,징코솔라,"CIPL 20차 9.8MW=15,552pcs ETD 03-15 (no-id)",PL,"PL_15,552pcs.pdf",45397,"2026년 모듈 발주\징코솔라\선적서류\CIPLBL_20,23,24차\CIPL 20차 9.8MW=15,552pcs ETD 03-15\PL_15,552pcs.pdf"
2026,징코솔라,"CIPL 23차 10.9MW=17,280pcs ETD 03-21 (no-id)",CI,"CI_17,280pcs.pdf",54250,"2026년 모듈 발주\징코솔라\선적서류\CIPLBL_20,23,24차\CIPL 23차 10.9MW=17,280pcs ETD 03-21\CI_17,280pcs.pdf"
2026,징코솔라,"CIPL 23차 10.9MW=17,280pcs ETD 03-21 (no-id)",PL,"PL_17,280pcs.pdf",46468,"2026년 모듈 발주\징코솔라\선적서류\CIPLBL_20,23,24차\CIPL 23차 10.9MW=17,280pcs ETD 03-21\PL_17,280pcs.pdf"
2026,징코솔라,"CIPL 24차 9.2MW=14,519pcs ETD 03-15 (no-id)",BL,"BL_14,519pcs.pdf",116185,"2026년 모듈 발주\징코솔라\선적서류\CIPLBL_20,23,24차\CIPL 24차 9.2MW=14,519pcs ETD 03-15\BL_14,519pcs.pdf"
2026,징코솔라,"CIPL 24차 9.2MW=14,519pcs ETD 03-15 (no-id)",CI,"CI_14,519pcs.pdf",56046,"2026년 모듈 발주\징코솔라\선적서류\CIPLBL_20,23,24차\CIPL 24차 9.2MW=14,519pcs ETD 03-15\CI_14,519pcs.pdf"
2026,징코솔라,"CIPL 24차 9.2MW=14,519pcs ETD 03-15 (no-id)",PL,"PL_14,519pcs.pdf",45406,"2026년 모듈 발주\징코솔라\선적서류\CIPLBL_20,23,24차\CIPL 24차 9.2MW=14,519pcs ETD 03-15\PL_14,519pcs.pdf"
2026,징코솔라,DJSCNGB260008239,BL,"BL_10,368pcs.pdf",112302,"2026년 모듈 발주\징코솔라\선적서류\RE_ 8000363763,DJSCNGB260008239_ KD2602040181,QTY_17000 PCS, 22회차 10368pcs\BL_10,368pcs.pdf"
2026,징코솔라,DJSCNGB260008239,BL,"BL_13,824pcs.pdf",113501,"2026년 모듈 발주\징코솔라\선적서류\RE_ 8000363763,DJSCNGB260008239_ KD2602040181,QTY_17000 PCS,  21회차 13824pcs\BL_13,824pcs.pdf"
2026,징코솔라,DJSCNGB260008239,BL,"BL_9,216pcs.pdf",105318,"2026년 모듈 발주\징코솔라\선적서류\RE_ 8000363763,DJSCNGB260008239_ KD2602040181,QTY_18회차 9216pcs\BL_9,216pcs.pdf"
2026,징코솔라,DJSCNGB260008239,BL,"BL_9,485pcs.pdf",103365,"2026년 모듈 발주\징코솔라\선적서류\RE_ 8000363763,DJSCNGB260008239_ KD2602040181,QTY_19회차 9485pcs\BL_9,485pcs.pdf"
2026,징코솔라,DJSCNGB260008239,CI,"CI_10,368pcs.pdf",54913,"2026년 모듈 발주\징코솔라\선적서류\RE_ 8000363763,DJSCNGB260008239_ KD2602040181,QTY_17000 PCS, 22회차 10368pcs\CI_10,368pcs.pdf"
2026,징코솔라,DJSCNGB260008239,CI,"CI_13,824pcs.pdf",54930,"2026년 모듈 발주\징코솔라\선적서류\RE_ 8000363763,DJSCNGB260008239_ KD2602040181,QTY_17000 PCS,  21회차 13824pcs\CI_13,824pcs.pdf"
2026,징코솔라,DJSCNGB260008239,CI,"CI_13,824pcs.pdf",54930,"2026년 모듈 발주\징코솔라\선적서류\RE_ 8000363763,DJSCNGB260008239_ KD2602040181,QTY_17000 PCS, 22회차 10368pcs\RE_ 8000363763,DJSCNGB260008239_ KD2602040181,QTY_17000 PCS,3\CI_13,824pcs.pdf"
2026,징코솔라,DJSCNGB260008239,CI,"CI_15,552pcs.pdf",55433,"2026년 모듈 발주\징코솔라\선적서류\RE_ 8000363763,DJSCNGB260008239_ KD2602040181,QTY_17000 PCS,20회차 15552pcs\CI_15,552pcs.pdf"
2026,징코솔라,DJSCNGB260008239,CI,"CI_9,216pcs.pdf",56067,"2026년 모듈 발주\징코솔라\선적서류\RE_ 8000363763,DJSCNGB260008239_ KD2602040181,QTY_18회차 9216pcs\CI_9,216pcs.pdf"
2026,징코솔라,DJSCNGB260008239,CI,"CI_9,485pcs.pdf",55572,"2026년 모듈 발주\징코솔라\선적서류\RE_ 8000363763,DJSCNGB260008239_ KD2602040181,QTY_19회차 9485pcs\CI_9,485pcs.pdf"
2026,징코솔라,DJSCNGB260008239,PL,"PL_10,368pcs.pdf",45399,"2026년 모듈 발주\징코솔라\선적서류\RE_ 8000363763,DJSCNGB260008239_ KD2602040181,QTY_17000 PCS, 22회차 10368pcs\PL_10,368pcs.pdf"
2026,징코솔라,DJSCNGB260008239,PL,"PL_13,824pcs.pdf",46477,"2026년 모듈 발주\징코솔라\선적서류\RE_ 8000363763,DJSCNGB260008239_ KD2602040181,QTY_17000 PCS,  21회차 13824pcs\PL_13,824pcs.pdf"
2026,징코솔라,DJSCNGB260008239,PL,"PL_13,824pcs.pdf",46477,"2026년 모듈 발주\징코솔라\선적서류\RE_ 8000363763,DJSCNGB260008239_ KD2602040181,QTY_17000 PCS, 22회차 10368pcs\RE_ 8000363763,DJSCNGB260008239_ KD2602040181,QTY_17000 PCS,3\PL_13,824pcs.pdf"
2026,징코솔라,DJSCNGB260008239,PL,"PL_15,552pcs.pdf",45397,"2026년 모듈 발주\징코솔라\선적서류\RE_ 8000363763,DJSCNGB260008239_ KD2602040181,QTY_17000 PCS,20회차 15552pcs\PL_15,552pcs.pdf"
2026,징코솔라,DJSCNGB260008239,PL,"PL_9,216pcs.pdf",46468,"2026년 모듈 발주\징코솔라\선적서류\RE_ 8000363763,DJSCNGB260008239_ KD2602040181,QTY_18회차 9216pcs\PL_9,216pcs.pdf"
2026,징코솔라,DJSCNGB260008239,PL,"PL_9,485pcs.pdf",45401,"2026년 모듈 발주\징코솔라\선적서류\RE_ 8000363763,DJSCNGB260008239_ KD2602040181,QTY_19회차 9485pcs\PL_9,485pcs.pdf"
2026,징코솔라,DJSCNGB260008250,BL,提单_北亚区_出口_DJSCNGB260008250_20260327.pdf,121189,"2026년 모듈 발주\징코솔라\선적서류\CIPLBL_20,23,24차\CIPL 23차 10.9MW=17,280pcs ETD 03-21\提单_北亚区_出口_DJSCNGB260008250_20260327.pdf"
2026,징코솔라,KD2602040182,BL,"BL_17,280pcs_KD2602040182.pdf",124272,"2026년 모듈 발주\징코솔라\선적서류\RE_ [TOPSOLAR] MCKRJH25Q301_4 16차 자료\BL_17,280pcs_KD2602040182.pdf"
2026,징코솔라,KD2602040182,CI,"CI_17,280pcs_KD2602040182.pdf",55503,"2026년 모듈 발주\징코솔라\선적서류\RE_ [TOPSOLAR] MCKRJH25Q301_4 16차 자료\CI_17,280pcs_KD2602040182.pdf"
2026,징코솔라,KD2602040182,PL,"PL_17,280pcs_KD2602040182.pdf",45389,"2026년 모듈 발주\징코솔라\선적서류\RE_ [TOPSOLAR] MCKRJH25Q301_4 16차 자료\PL_17,280pcs_KD2602040182.pdf"
2026,징코솔라,KD2602040583,BL,"BL_17,280pcs_KD2602040583.pdf",124215,"2026년 모듈 발주\징코솔라\선적서류\RE_ [TOPSOLAR] MCKRJH25Q301_4 14차 자료\BL_17,280pcs_KD2602040583.pdf"
2026,징코솔라,KD2602040583,CI,"CI_17,280pcs_KD2602040583.pdf",55526,"2026년 모듈 발주\징코솔라\선적서류\RE_ [TOPSOLAR] MCKRJH25Q301_4 14차 자료\CI_17,280pcs_KD2602040583.pdf"
2026,징코솔라,KD2602040583,PL,"PL_17,280pcs_KD2602040583.pdf",45391,"2026년 모듈 발주\징코솔라\선적서류\RE_ [TOPSOLAR] MCKRJH25Q301_4 14차 자료\PL_17,280pcs_KD2602040583.pdf"
2026,징코솔라,KD2602050010,BL,"BL_17,280pcs_KD2602050010.pdf",119033,"2026년 모듈 발주\징코솔라\선적서류\RE_ [TOPSOLAR] MCKRJH25Q301_4 13차 자료\BL_17,280pcs_KD2602050010.pdf"
2026,징코솔라,KD2602050010,CI,"CI_17,280pcs_KD2602050010.pdf",55469,"2026년 모듈 발주\징코솔라\선적서류\RE_ [TOPSOLAR] MCKRJH25Q301_4 13차 자료\CI_17,280pcs_KD2602050010.pdf"
2026,징코솔라,KD2602050010,PL,"PL_17,280pcs_KD2602050010.pdf",46456,"2026년 모듈 발주\징코솔라\선적서류\RE_ [TOPSOLAR] MCKRJH25Q301_4 13차 자료\PL_17,280pcs_KD2602050010.pdf"
2026,징코솔라,KD2602050118,BL,"BL_1,656pcs_KD2602050118.pdf",89828,"2026년 모듈 발주\징코솔라\선적서류\RE_ [TOPSOLAR] MCKRJH25Q301_4 12차 자료\BL_1,656pcs_KD2602050118.pdf"
2026,징코솔라,KD2602050118,CI,"CI_1,656pcs_KD2602050118.pdf",55613,"2026년 모듈 발주\징코솔라\선적서류\RE_ [TOPSOLAR] MCKRJH25Q301_4 12차 자료\CI_1,656pcs_KD2602050118.pdf"
2026,징코솔라,KD2602050118,PL,"PL_1,656pcs_KD2602050118.pdf",45391,"2026년 모듈 발주\징코솔라\선적서류\RE_ [TOPSOLAR] MCKRJH25Q301_4 12차 자료\PL_1,656pcs_KD2602050118.pdf"
2026,징코솔라,KD2602050263,BL,"BL_17,280PCS_KD2602050263.pdf",121998,"2026년 모듈 발주\징코솔라\선적서류\RE_ [TOPSOLAR] MCKRJH25Q301_4 10차 자료\BL_17,280PCS_KD2602050263.pdf"
2026,징코솔라,KD2602050263,CI,"CI_17,280PCS_KD2602050263.pdf",56593,"2026년 모듈 발주\징코솔라\선적서류\RE_ [TOPSOLAR] MCKRJH25Q301_4 10차 자료\CI_17,280PCS_KD2602050263.pdf"
2026,징코솔라,KD2602050263,PL,"PL_17,280PCS_KD2602050263.pdf",45348,"2026년 모듈 발주\징코솔라\선적서류\RE_ [TOPSOLAR] MCKRJH25Q301_4 10차 자료\PL_17,280PCS_KD2602050263.pdf"
2026,징코솔라,KD2602050264,BL,"BL_17,280pcs_KD2602050264.pdf",126562,"2026년 모듈 발주\징코솔라\선적서류\RE_ [TOPSOLAR] MCKRJH25Q301_4 11차 자료\BL_17,280pcs_KD2602050264.pdf"
2026,징코솔라,KD2602050264,CI,"CI_17,280pcs_KD2602050264.pdf",57142,"2026년 모듈 발주\징코솔라\선적서류\RE_ [TOPSOLAR] MCKRJH25Q301_4 11차 자료\CI_17,280pcs_KD2602050264.pdf"
2026,징코솔라,KD2602050264,PL,"PL_17,280pcs_KD2602050264.pdf",46472,"2026년 모듈 발주\징코솔라\선적서류\RE_ [TOPSOLAR] MCKRJH25Q301_4 11차 자료\PL_17,280pcs_KD2602050264.pdf"
2026,징코솔라,KD2602050284,BL,"BL_8,576pcs_KD2602050284.pdf",108494,"2026년 모듈 발주\징코솔라\선적서류\RE_ [TOPSOLAR] MCKRJH25Q301_4 17차 자료\BL_8,576pcs_KD2602050284.pdf"
2026,징코솔라,KD2602050284,CI,"CI_8,576pcs_KD2602050284.pdf",57226,"2026년 모듈 발주\징코솔라\선적서류\RE_ [TOPSOLAR] MCKRJH25Q301_4 17차 자료\CI_8,576pcs_KD2602050284.pdf"
2026,징코솔라,KD2602050284,PL,"PL_8,576pcs_KD2602050284.pdf",46511,"2026년 모듈 발주\징코솔라\선적서류\RE_ [TOPSOLAR] MCKRJH25Q301_4 17차 자료\PL_8,576pcs_KD2602050284.pdf"
2026,징코솔라,RE_ [TOPSOLAR] MCKRJH25Q301_4 15차 자료 (no-id),BL,"BL_16,704pcs.pdf",125255,"2026년 모듈 발주\징코솔라\선적서류\RE_ [TOPSOLAR] MCKRJH25Q301_4 15차 자료\BL_16,704pcs.pdf"
2026,징코솔라,RE_ [TOPSOLAR] MCKRJH25Q301_4 15차 자료 (no-id),CI,"CI_16,704pcs.pdf",55497,"2026년 모듈 발주\징코솔라\선적서류\RE_ [TOPSOLAR] MCKRJH25Q301_4 15차 자료\CI_16,704pcs.pdf"
2026,징코솔라,RE_ [TOPSOLAR] MCKRJH25Q301_4 15차 자료 (no-id),PL,"PL_16,704pcs.pdf",46472,"2026년 모듈 발주\징코솔라\선적서류\RE_ [TOPSOLAR] MCKRJH25Q301_4 15차 자료\PL_16,704pcs.pdf"
2026,징코솔라,RE_ [TOPSOLAR] MCKRJH25Q301_4 16차 자료 (no-id),CI,3.8000363873-CUSTOMS-Z202602030187-2-CI-R.pdf,55563,2026년 모듈 발주\징코솔라\선적서류\RE_ [TOPSOLAR] MCKRJH25Q301_4 16차 자료\3.8000363873-CUSTOMS-Z202602030187-2-CI-R.pdf
2026,트리나솔라,"TOPSOLAR 2601-TSI-00499-00 (2차, 14.6MW) (no-id)",BL,TED-2601-00499-37-72LC_BL.pdf,571838,"2026년 모듈 발주\트리나솔라\720WP 30MW\선적서류\TOPSOLAR 2601-TSI-00499-00 (2차, 14.6MW)\TED-2601-00499-37-72LC_BL.pdf"
2026,트리나솔라,"TOPSOLAR 2601-TSI-00499-00 (2차, 14.6MW) (no-id)",PL,TED-2601-00499-37-72CIPL.pdf,357577,"2026년 모듈 발주\트리나솔라\720WP 30MW\선적서류\TOPSOLAR 2601-TSI-00499-00 (2차, 14.6MW)\TED-2601-00499-37-72CIPL.pdf"
2026,트리나솔라,"TOPSOLAR 2601-TSI-00499-00 (2차, 14.6MW) (no-id)",PL,TED-2601-00499-37-72LC_CI&PL-통관용.pdf,40131,"2026년 모듈 발주\트리나솔라\720WP 30MW\선적서류\TOPSOLAR 2601-TSI-00499-00 (2차, 14.6MW)\TED-2601-00499-37-72LC_CI&PL-통관용.pdf"
2026,트리나솔라,"TOPSOLAR 2601-TSI-00499-01 (1차, 15.4MW) (no-id)",BL,BL Copy_EASEK2606SK0001.pdf,704849,"2026년 모듈 발주\트리나솔라\720WP 30MW\선적서류\TOPSOLAR 2601-TSI-00499-01 (1차, 15.4MW)\BL Copy_EASEK2606SK0001.pdf"
2026,트리나솔라,"TOPSOLAR 2601-TSI-00499-01 (1차, 15.4MW) (no-id)",PL,TED-2601-00499-00-36-CIPL.pdf,387985,"2026년 모듈 발주\트리나솔라\720WP 30MW\선적서류\TOPSOLAR 2601-TSI-00499-01 (1차, 15.4MW)\TED-2601-00499-00-36-CIPL.pdf"
2026,트리나솔라,"TOPSOLAR 2601-TSI-00499-01 (1차, 15.4MW) (no-id)",PL,TED-2601-00499-00-36LC_CI&PL-통관용.pdf,40141,"2026년 모듈 발주\트리나솔라\720WP 30MW\선적서류\TOPSOLAR 2601-TSI-00499-01 (1차, 15.4MW)\TED-2601-00499-00-36LC_CI&PL-통관용.pdf"